,old index,content
0,24672,"[[0.00000000e+00 2.00000000e+00 2.23606801e+00 2.82842708e+00
  3.00000000e+00 3.16227770e+00 3.46410155e+00 3.60555124e+00
  3.74165750e+00 4.00000000e+00 4.12310553e+00 4.24264050e+00
  4.47213602e+00 4.58257580e+00 4.69041586e+00 4.89897966e+00
  5.00000000e+00 5.09901953e+00 5.38516474e+00 5.65685415e+00
  5.74456263e+00 5.83095169e+00 6.08276272e+00 6.16441393e+00
  6.32455540e+00 6.40312433e+00 6.63324976e+00 6.70820379e+00
  7.28010988e+00 8.24621105e+00]
 [2.30400000e+03 1.46800000e+03 7.64000000e+02 4.28000000e+02
  3.19000000e+02 2.75000000e+02 2.28000000e+02 1.18000000e+02
  1.15000000e+02 1.13000000e+02 8.50000000e+01 8.00000000e+01
  4.50000000e+01 4.40000000e+01 4.30000000e+01 3.70000000e+01
  3.50000000e+01 3.20000000e+01 2.00000000e+01 1.70000000e+01
  1.60000000e+01 1.50000000e+01 1.40000000e+01 1.30000000e+01
  8.00000000e+00 6.00000000e+00 5.00000000e+00 4.00000000e+00
  3.00000000e+00 1.00000000e+00]]"
1,5264,"[[0.00000000e+00 2.00000000e+00 2.23606801e+00 2.82842708e+00
  3.00000000e+00 3.16227770e+00 3.46410155e+00 3.60555124e+00
  3.74165750e+00 4.00000000e+00 4.12310553e+00 4.24264050e+00
  4.47213602e+00 4.58257580e+00 4.69041586e+00 4.89897966e+00
  5.00000000e+00 5.09901953e+00 5.38516474e+00 5.65685415e+00
  5.74456263e+00 5.83095169e+00 6.08276272e+00 6.16441393e+00
  6.32455540e+00 6.40312433e+00 6.63324976e+00 6.70820379e+00
  7.28010988e+00 8.24621105e+00]
 [2.30400000e+03 1.46800000e+03 7.64000000e+02 4.28000000e+02
  3.19000000e+02 2.75000000e+02 2.28000000e+02 1.18000000e+02
  1.15000000e+02 1.13000000e+02 8.50000000e+01 8.00000000e+01
  4.50000000e+01 4.40000000e+01 4.30000000e+01 3.70000000e+01
  3.50000000e+01 3.20000000e+01 2.00000000e+01 1.70000000e+01
  1.60000000e+01 1.50000000e+01 1.40000000e+01 1.30000000e+01
  8.00000000e+00 6.00000000e+00 5.00000000e+00 4.00000000e+00
  3.00000000e+00 1.00000000e+00]]"
2,27731,"[[0.00000000e+00 2.00000000e+00 2.23606801e+00 2.82842708e+00
  3.00000000e+00 3.16227770e+00 3.46410155e+00 3.60555124e+00
  3.74165750e+00 4.00000000e+00 4.12310553e+00 4.24264050e+00
  4.47213602e+00 4.58257580e+00 4.69041586e+00 4.89897966e+00
  5.00000000e+00 5.09901953e+00 5.38516474e+00 5.65685415e+00
  5.74456263e+00 5.83095169e+00 6.08276272e+00 6.16441393e+00
  6.32455540e+00 6.40312433e+00 6.63324976e+00 6.70820379e+00
  7.28010988e+00 8.24621105e+00]
 [2.30400000e+03 1.46800000e+03 7.64000000e+02 4.28000000e+02
  3.19000000e+02 2.75000000e+02 2.28000000e+02 1.18000000e+02
  1.15000000e+02 1.13000000e+02 8.50000000e+01 8.00000000e+01
  4.50000000e+01 4.40000000e+01 4.30000000e+01 3.70000000e+01
  3.50000000e+01 3.20000000e+01 2.00000000e+01 1.70000000e+01
  1.60000000e+01 1.50000000e+01 1.40000000e+01 1.30000000e+01
  8.00000000e+00 6.00000000e+00 5.00000000e+00 4.00000000e+00
  3.00000000e+00 1.00000000e+00]]"
3,31420,"[[0.00000000e+00 2.00000000e+00 2.23606801e+00 2.82842708e+00
  3.00000000e+00 3.16227770e+00 3.46410155e+00 3.60555124e+00
  3.74165750e+00 4.00000000e+00 4.12310553e+00 4.24264050e+00
  4.47213602e+00 4.58257580e+00 4.69041586e+00 4.89897966e+00
  5.00000000e+00 5.09901953e+00 5.38516474e+00 5.65685415e+00
  5.74456263e+00 5.83095169e+00 6.08276272e+00 6.16441393e+00
  6.32455540e+00 6.40312433e+00 6.63324976e+00 6.70820379e+00
  7.28010988e+00 8.24621105e+00]
 [2.30400000e+03 1.46800000e+03 7.64000000e+02 4.28000000e+02
  3.19000000e+02 2.75000000e+02 2.28000000e+02 1.18000000e+02
  1.15000000e+02 1.13000000e+02 8.50000000e+01 8.00000000e+01
  4.50000000e+01 4.40000000e+01 4.30000000e+01 3.70000000e+01
  3.50000000e+01 3.20000000e+01 2.00000000e+01 1.70000000e+01
  1.60000000e+01 1.50000000e+01 1.40000000e+01 1.30000000e+01
  8.00000000e+00 6.00000000e+00 5.00000000e+00 4.00000000e+00
  3.00000000e+00 1.00000000e+00]]"
4,18444,"[[0.00000000e+00 2.00000000e+00 2.23606801e+00 2.82842708e+00
  3.00000000e+00 3.16227770e+00 3.46410155e+00 3.60555124e+00
  3.74165750e+00 4.00000000e+00 4.12310553e+00 4.24264050e+00
  4.47213602e+00 4.58257580e+00 4.69041586e+00 4.89897966e+00
  5.00000000e+00 5.09901953e+00 5.38516474e+00 5.65685415e+00
  5.74456263e+00 5.83095169e+00 6.08276272e+00 6.16441393e+00
  6.32455540e+00 6.40312433e+00 6.63324976e+00 6.70820379e+00
  7.28010988e+00 8.24621105e+00]
 [2.30400000e+03 1.46800000e+03 7.64000000e+02 4.28000000e+02
  3.19000000e+02 2.75000000e+02 2.28000000e+02 1.18000000e+02
  1.15000000e+02 1.13000000e+02 8.50000000e+01 8.00000000e+01
  4.50000000e+01 4.40000000e+01 4.30000000e+01 3.70000000e+01
  3.50000000e+01 3.20000000e+01 2.00000000e+01 1.70000000e+01
  1.60000000e+01 1.50000000e+01 1.40000000e+01 1.30000000e+01
  8.00000000e+00 6.00000000e+00 5.00000000e+00 4.00000000e+00
  3.00000000e+00 1.00000000e+00]]"
5,11538,"[[0.00000000e+00 2.00000000e+00 2.23606801e+00 2.82842708e+00
  3.00000000e+00 3.16227770e+00 3.46410155e+00 3.60555124e+00
  3.74165750e+00 4.00000000e+00 4.12310553e+00 4.24264050e+00
  4.47213602e+00 4.58257580e+00 4.69041586e+00 4.89897966e+00
  5.00000000e+00 5.09901953e+00 5.38516474e+00 5.65685415e+00
  5.74456263e+00 5.83095169e+00 6.08276272e+00 6.16441393e+00
  6.32455540e+00 6.40312433e+00 6.63324976e+00 6.70820379e+00
  7.28010988e+00 8.24621105e+00]
 [2.30400000e+03 1.46800000e+03 7.64000000e+02 4.28000000e+02
  3.19000000e+02 2.75000000e+02 2.28000000e+02 1.18000000e+02
  1.15000000e+02 1.13000000e+02 8.50000000e+01 8.00000000e+01
  4.50000000e+01 4.40000000e+01 4.30000000e+01 3.70000000e+01
  3.50000000e+01 3.20000000e+01 2.00000000e+01 1.70000000e+01
  1.60000000e+01 1.50000000e+01 1.40000000e+01 1.30000000e+01
  8.00000000e+00 6.00000000e+00 5.00000000e+00 4.00000000e+00
  3.00000000e+00 1.00000000e+00]]"
6,32294,"[[0.00000000e+00 2.00000000e+00 2.23606801e+00 2.82842708e+00
  3.00000000e+00 3.16227770e+00 3.46410155e+00 3.60555124e+00
  3.74165750e+00 4.00000000e+00 4.12310553e+00 4.24264050e+00
  4.47213602e+00 4.58257580e+00 4.69041586e+00 4.89897966e+00
  5.00000000e+00 5.09901953e+00 5.38516474e+00 5.65685415e+00
  5.74456263e+00 5.83095169e+00 6.08276272e+00 6.16441393e+00
  6.32455540e+00 6.40312433e+00 6.63324976e+00 6.70820379e+00
  7.28010988e+00 8.24621105e+00]
 [2.30400000e+03 1.46800000e+03 7.64000000e+02 4.28000000e+02
  3.19000000e+02 2.75000000e+02 2.28000000e+02 1.18000000e+02
  1.15000000e+02 1.13000000e+02 8.50000000e+01 8.00000000e+01
  4.50000000e+01 4.40000000e+01 4.30000000e+01 3.70000000e+01
  3.50000000e+01 3.20000000e+01 2.00000000e+01 1.70000000e+01
  1.60000000e+01 1.50000000e+01 1.40000000e+01 1.30000000e+01
  8.00000000e+00 6.00000000e+00 5.00000000e+00 4.00000000e+00
  3.00000000e+00 1.00000000e+00]]"
7,32802,"[[0.00000000e+00 2.00000000e+00 2.23606801e+00 2.82842708e+00
  3.00000000e+00 3.16227770e+00 3.46410155e+00 3.60555124e+00
  3.74165750e+00 4.00000000e+00 4.12310553e+00 4.24264050e+00
  4.47213602e+00 4.58257580e+00 4.69041586e+00 4.89897966e+00
  5.00000000e+00 5.09901953e+00 5.38516474e+00 5.65685415e+00
  5.74456263e+00 5.83095169e+00 6.08276272e+00 6.16441393e+00
  6.32455540e+00 6.40312433e+00 6.63324976e+00 6.70820379e+00
  7.28010988e+00 8.24621105e+00]
 [2.30400000e+03 1.46800000e+03 7.64000000e+02 4.28000000e+02
  3.19000000e+02 2.75000000e+02 2.28000000e+02 1.18000000e+02
  1.15000000e+02 1.13000000e+02 8.50000000e+01 8.00000000e+01
  4.50000000e+01 4.40000000e+01 4.30000000e+01 3.70000000e+01
  3.50000000e+01 3.20000000e+01 2.00000000e+01 1.70000000e+01
  1.60000000e+01 1.50000000e+01 1.40000000e+01 1.30000000e+01
  8.00000000e+00 6.00000000e+00 5.00000000e+00 4.00000000e+00
  3.00000000e+00 1.00000000e+00]]"
8,15567,"[[0.00000000e+00 2.00000000e+00 2.23606801e+00 2.82842708e+00
  3.00000000e+00 3.16227770e+00 3.46410155e+00 3.60555124e+00
  3.74165750e+00 4.00000000e+00 4.12310553e+00 4.24264050e+00
  4.47213602e+00 4.58257580e+00 4.69041586e+00 4.89897966e+00
  5.00000000e+00 5.09901953e+00 5.38516474e+00 5.65685415e+00
  5.74456263e+00 5.83095169e+00 6.08276272e+00 6.16441393e+00
  6.32455540e+00 6.40312433e+00 6.63324976e+00 6.70820379e+00
  7.28010988e+00 8.24621105e+00]
 [2.30400000e+03 1.46800000e+03 7.64000000e+02 4.28000000e+02
  3.19000000e+02 2.75000000e+02 2.28000000e+02 1.18000000e+02
  1.15000000e+02 1.13000000e+02 8.50000000e+01 8.00000000e+01
  4.50000000e+01 4.40000000e+01 4.30000000e+01 3.70000000e+01
  3.50000000e+01 3.20000000e+01 2.00000000e+01 1.70000000e+01
  1.60000000e+01 1.50000000e+01 1.40000000e+01 1.30000000e+01
  8.00000000e+00 6.00000000e+00 5.00000000e+00 4.00000000e+00
  3.00000000e+00 1.00000000e+00]]"
9,11444,"[[0.00000000e+00 2.00000000e+00 2.23606801e+00 2.82842708e+00
  3.00000000e+00 3.16227770e+00 3.46410155e+00 3.60555124e+00
  3.74165750e+00 4.00000000e+00 4.12310553e+00 4.24264050e+00
  4.47213602e+00 4.58257580e+00 4.69041586e+00 4.89897966e+00
  5.00000000e+00 5.09901953e+00 5.38516474e+00 5.65685415e+00
  5.74456263e+00 5.83095169e+00 6.08276272e+00 6.16441393e+00
  6.32455540e+00 6.40312433e+00 6.63324976e+00 6.70820379e+00
  7.28010988e+00 8.24621105e+00]
 [2.30400000e+03 1.46800000e+03 7.64000000e+02 4.28000000e+02
  3.19000000e+02 2.75000000e+02 2.28000000e+02 1.18000000e+02
  1.15000000e+02 1.13000000e+02 8.50000000e+01 8.00000000e+01
  4.50000000e+01 4.40000000e+01 4.30000000e+01 3.70000000e+01
  3.50000000e+01 3.20000000e+01 2.00000000e+01 1.70000000e+01
  1.60000000e+01 1.50000000e+01 1.40000000e+01 1.30000000e+01
  8.00000000e+00 6.00000000e+00 5.00000000e+00 4.00000000e+00
  3.00000000e+00 1.00000000e+00]]"
10,10153,"[[0.00000000e+00 2.00000000e+00 2.23606801e+00 2.82842708e+00
  3.00000000e+00 3.16227770e+00 3.46410155e+00 3.60555124e+00
  3.74165750e+00 4.00000000e+00 4.12310553e+00 4.24264050e+00
  4.47213602e+00 4.58257580e+00 4.69041586e+00 4.89897966e+00
  5.00000000e+00 5.09901953e+00 5.38516474e+00 5.65685415e+00
  5.74456263e+00 5.83095169e+00 6.08276272e+00 6.16441393e+00
  6.32455540e+00 6.40312433e+00 6.63324976e+00 6.70820379e+00
  7.28010988e+00 8.24621105e+00]
 [2.30400000e+03 1.46800000e+03 7.64000000e+02 4.28000000e+02
  3.19000000e+02 2.75000000e+02 2.28000000e+02 1.18000000e+02
  1.15000000e+02 1.13000000e+02 8.50000000e+01 8.00000000e+01
  4.50000000e+01 4.40000000e+01 4.30000000e+01 3.70000000e+01
  3.50000000e+01 3.20000000e+01 2.00000000e+01 1.70000000e+01
  1.60000000e+01 1.50000000e+01 1.40000000e+01 1.30000000e+01
  8.00000000e+00 6.00000000e+00 5.00000000e+00 4.00000000e+00
  3.00000000e+00 1.00000000e+00]]"
11,30414,"[[0.00000000e+00 2.00000000e+00 2.23606801e+00 2.82842708e+00
  3.00000000e+00 3.16227770e+00 3.46410155e+00 3.60555124e+00
  3.74165750e+00 4.00000000e+00 4.12310553e+00 4.24264050e+00
  4.47213602e+00 4.58257580e+00 4.69041586e+00 4.89897966e+00
  5.00000000e+00 5.09901953e+00 5.38516474e+00 5.65685415e+00
  5.74456263e+00 5.83095169e+00 6.08276272e+00 6.16441393e+00
  6.32455540e+00 6.40312433e+00 6.63324976e+00 6.70820379e+00
  7.28010988e+00 8.24621105e+00]
 [2.30400000e+03 1.46800000e+03 7.64000000e+02 4.28000000e+02
  3.19000000e+02 2.75000000e+02 2.28000000e+02 1.18000000e+02
  1.15000000e+02 1.13000000e+02 8.50000000e+01 8.00000000e+01
  4.50000000e+01 4.40000000e+01 4.30000000e+01 3.70000000e+01
  3.50000000e+01 3.20000000e+01 2.00000000e+01 1.70000000e+01
  1.60000000e+01 1.50000000e+01 1.40000000e+01 1.30000000e+01
  8.00000000e+00 6.00000000e+00 5.00000000e+00 4.00000000e+00
  3.00000000e+00 1.00000000e+00]]"
12,6917,"[[0.00000000e+00 2.00000000e+00 2.23606801e+00 2.82842708e+00
  3.00000000e+00 3.16227770e+00 3.46410155e+00 3.60555124e+00
  3.74165750e+00 4.00000000e+00 4.12310553e+00 4.24264050e+00
  4.47213602e+00 4.58257580e+00 4.69041586e+00 4.89897966e+00
  5.00000000e+00 5.09901953e+00 5.38516474e+00 5.65685415e+00
  5.74456263e+00 5.83095169e+00 6.08276272e+00 6.16441393e+00
  6.32455540e+00 6.40312433e+00 6.63324976e+00 6.70820379e+00
  7.28010988e+00 8.24621105e+00]
 [2.30400000e+03 1.46800000e+03 7.64000000e+02 4.28000000e+02
  3.19000000e+02 2.75000000e+02 2.28000000e+02 1.18000000e+02
  1.15000000e+02 1.13000000e+02 8.50000000e+01 8.00000000e+01
  4.50000000e+01 4.40000000e+01 4.30000000e+01 3.70000000e+01
  3.50000000e+01 3.20000000e+01 2.00000000e+01 1.70000000e+01
  1.60000000e+01 1.50000000e+01 1.40000000e+01 1.30000000e+01
  8.00000000e+00 6.00000000e+00 5.00000000e+00 4.00000000e+00
  3.00000000e+00 1.00000000e+00]]"
13,13845,"[[0.00000000e+00 2.00000000e+00 2.23606801e+00 2.82842708e+00
  3.00000000e+00 3.16227770e+00 3.46410155e+00 3.60555124e+00
  3.74165750e+00 4.00000000e+00 4.12310553e+00 4.24264050e+00
  4.47213602e+00 4.58257580e+00 4.69041586e+00 4.89897966e+00
  5.00000000e+00 5.09901953e+00 5.38516474e+00 5.65685415e+00
  5.74456263e+00 5.83095169e+00 6.08276272e+00 6.16441393e+00
  6.32455540e+00 6.40312433e+00 6.63324976e+00 6.70820379e+00
  7.28010988e+00 8.24621105e+00]
 [2.30400000e+03 1.46800000e+03 7.64000000e+02 4.28000000e+02
  3.19000000e+02 2.75000000e+02 2.28000000e+02 1.18000000e+02
  1.15000000e+02 1.13000000e+02 8.50000000e+01 8.00000000e+01
  4.50000000e+01 4.40000000e+01 4.30000000e+01 3.70000000e+01
  3.50000000e+01 3.20000000e+01 2.00000000e+01 1.70000000e+01
  1.60000000e+01 1.50000000e+01 1.40000000e+01 1.30000000e+01
  8.00000000e+00 6.00000000e+00 5.00000000e+00 4.00000000e+00
  3.00000000e+00 1.00000000e+00]]"
14,18847,"[[0.00000000e+00 2.00000000e+00 2.23606801e+00 2.82842708e+00
  3.00000000e+00 3.16227770e+00 3.46410155e+00 3.60555124e+00
  3.74165750e+00 4.00000000e+00 4.12310553e+00 4.24264050e+00
  4.47213602e+00 4.58257580e+00 4.69041586e+00 4.89897966e+00
  5.00000000e+00 5.09901953e+00 5.38516474e+00 5.65685415e+00
  5.74456263e+00 5.83095169e+00 6.08276272e+00 6.16441393e+00
  6.32455540e+00 6.40312433e+00 6.63324976e+00 6.70820379e+00
  7.28010988e+00 8.24621105e+00]
 [2.30400000e+03 1.46800000e+03 7.64000000e+02 4.28000000e+02
  3.19000000e+02 2.75000000e+02 2.28000000e+02 1.18000000e+02
  1.15000000e+02 1.13000000e+02 8.50000000e+01 8.00000000e+01
  4.50000000e+01 4.40000000e+01 4.30000000e+01 3.70000000e+01
  3.50000000e+01 3.20000000e+01 2.00000000e+01 1.70000000e+01
  1.60000000e+01 1.50000000e+01 1.40000000e+01 1.30000000e+01
  8.00000000e+00 6.00000000e+00 5.00000000e+00 4.00000000e+00
  3.00000000e+00 1.00000000e+00]]"
15,21689,"[[0.00000000e+00 2.00000000e+00 2.23606801e+00 2.82842708e+00
  3.00000000e+00 3.16227770e+00 3.46410155e+00 3.60555124e+00
  3.74165750e+00 4.00000000e+00 4.12310553e+00 4.24264050e+00
  4.47213602e+00 4.58257580e+00 4.69041586e+00 4.89897966e+00
  5.00000000e+00 5.09901953e+00 5.38516474e+00 5.65685415e+00
  5.74456263e+00 5.83095169e+00 6.08276272e+00 6.16441393e+00
  6.32455540e+00 6.40312433e+00 6.63324976e+00 6.70820379e+00
  7.28010988e+00 8.24621105e+00]
 [2.30400000e+03 1.46800000e+03 7.64000000e+02 4.28000000e+02
  3.19000000e+02 2.75000000e+02 2.28000000e+02 1.18000000e+02
  1.15000000e+02 1.13000000e+02 8.50000000e+01 8.00000000e+01
  4.50000000e+01 4.40000000e+01 4.30000000e+01 3.70000000e+01
  3.50000000e+01 3.20000000e+01 2.00000000e+01 1.70000000e+01
  1.60000000e+01 1.50000000e+01 1.40000000e+01 1.30000000e+01
  8.00000000e+00 6.00000000e+00 5.00000000e+00 4.00000000e+00
  3.00000000e+00 1.00000000e+00]]"
16,20140,"[[0.00000000e+00 2.00000000e+00 2.23606801e+00 2.82842708e+00
  3.00000000e+00 3.16227770e+00 3.46410155e+00 3.60555124e+00
  3.74165750e+00 4.00000000e+00 4.12310553e+00 4.24264050e+00
  4.47213602e+00 4.58257580e+00 4.69041586e+00 4.89897966e+00
  5.00000000e+00 5.09901953e+00 5.38516474e+00 5.65685415e+00
  5.74456263e+00 5.83095169e+00 6.08276272e+00 6.16441393e+00
  6.32455540e+00 6.40312433e+00 6.63324976e+00 6.70820379e+00
  7.28010988e+00 8.24621105e+00]
 [2.30400000e+03 1.46800000e+03 7.64000000e+02 4.28000000e+02
  3.19000000e+02 2.75000000e+02 2.28000000e+02 1.18000000e+02
  1.15000000e+02 1.13000000e+02 8.50000000e+01 8.00000000e+01
  4.50000000e+01 4.40000000e+01 4.30000000e+01 3.70000000e+01
  3.50000000e+01 3.20000000e+01 2.00000000e+01 1.70000000e+01
  1.60000000e+01 1.50000000e+01 1.40000000e+01 1.30000000e+01
  8.00000000e+00 6.00000000e+00 5.00000000e+00 4.00000000e+00
  3.00000000e+00 1.00000000e+00]]"
17,24966,"[[0.00000000e+00 2.00000000e+00 2.23606801e+00 2.82842708e+00
  3.00000000e+00 3.16227770e+00 3.46410155e+00 3.60555124e+00
  3.74165750e+00 4.00000000e+00 4.12310553e+00 4.24264050e+00
  4.47213602e+00 4.58257580e+00 4.69041586e+00 4.89897966e+00
  5.00000000e+00 5.09901953e+00 5.38516474e+00 5.65685415e+00
  5.74456263e+00 5.83095169e+00 6.08276272e+00 6.16441393e+00
  6.32455540e+00 6.40312433e+00 6.63324976e+00 6.70820379e+00
  7.28010988e+00 8.24621105e+00]
 [2.30400000e+03 1.46800000e+03 7.64000000e+02 4.28000000e+02
  3.19000000e+02 2.75000000e+02 2.28000000e+02 1.18000000e+02
  1.15000000e+02 1.13000000e+02 8.50000000e+01 8.00000000e+01
  4.50000000e+01 4.40000000e+01 4.30000000e+01 3.70000000e+01
  3.50000000e+01 3.20000000e+01 2.00000000e+01 1.70000000e+01
  1.60000000e+01 1.50000000e+01 1.40000000e+01 1.30000000e+01
  8.00000000e+00 6.00000000e+00 5.00000000e+00 4.00000000e+00
  3.00000000e+00 1.00000000e+00]]"
18,4360,"[[0.00000000e+00 2.00000000e+00 2.23606801e+00 2.82842708e+00
  3.00000000e+00 3.16227770e+00 3.46410155e+00 3.60555124e+00
  3.74165750e+00 4.00000000e+00 4.12310553e+00 4.24264050e+00
  4.47213602e+00 4.58257580e+00 4.69041586e+00 4.89897966e+00
  5.00000000e+00 5.09901953e+00 5.38516474e+00 5.65685415e+00
  5.74456263e+00 5.83095169e+00 6.08276272e+00 6.16441393e+00
  6.32455540e+00 6.40312433e+00 6.63324976e+00 6.70820379e+00
  7.28010988e+00 8.24621105e+00]
 [2.30400000e+03 1.46800000e+03 7.64000000e+02 4.28000000e+02
  3.19000000e+02 2.75000000e+02 2.28000000e+02 1.18000000e+02
  1.15000000e+02 1.13000000e+02 8.50000000e+01 8.00000000e+01
  4.50000000e+01 4.40000000e+01 4.30000000e+01 3.70000000e+01
  3.50000000e+01 3.20000000e+01 2.00000000e+01 1.70000000e+01
  1.60000000e+01 1.50000000e+01 1.40000000e+01 1.30000000e+01
  8.00000000e+00 6.00000000e+00 5.00000000e+00 4.00000000e+00
  3.00000000e+00 1.00000000e+00]]"
19,33216,"[[0.00000000e+00 2.00000000e+00 2.23606801e+00 2.82842708e+00
  3.00000000e+00 3.16227770e+00 3.46410155e+00 3.60555124e+00
  3.74165750e+00 4.00000000e+00 4.12310553e+00 4.24264050e+00
  4.47213602e+00 4.58257580e+00 4.69041586e+00 4.89897966e+00
  5.00000000e+00 5.09901953e+00 5.38516474e+00 5.65685415e+00
  5.74456263e+00 5.83095169e+00 6.08276272e+00 6.16441393e+00
  6.32455540e+00 6.40312433e+00 6.63324976e+00 6.70820379e+00
  7.28010988e+00 8.24621105e+00]
 [2.30400000e+03 1.46800000e+03 7.64000000e+02 4.28000000e+02
  3.19000000e+02 2.75000000e+02 2.28000000e+02 1.18000000e+02
  1.15000000e+02 1.13000000e+02 8.50000000e+01 8.00000000e+01
  4.50000000e+01 4.40000000e+01 4.30000000e+01 3.70000000e+01
  3.50000000e+01 3.20000000e+01 2.00000000e+01 1.70000000e+01
  1.60000000e+01 1.50000000e+01 1.40000000e+01 1.30000000e+01
  8.00000000e+00 6.00000000e+00 5.00000000e+00 4.00000000e+00
  3.00000000e+00 1.00000000e+00]]"
20,29123,"[[0.00000000e+00 2.00000000e+00 2.23606801e+00 2.82842708e+00
  3.00000000e+00 3.16227770e+00 3.46410155e+00 3.60555124e+00
  3.74165750e+00 4.00000000e+00 4.12310553e+00 4.24264050e+00
  4.47213602e+00 4.58257580e+00 4.69041586e+00 4.89897966e+00
  5.00000000e+00 5.09901953e+00 5.38516474e+00 5.65685415e+00
  5.74456263e+00 5.83095169e+00 6.08276272e+00 6.16441393e+00
  6.32455540e+00 6.40312433e+00 6.63324976e+00 6.70820379e+00
  7.28010988e+00 8.24621105e+00]
 [2.30400000e+03 1.46800000e+03 7.64000000e+02 4.28000000e+02
  3.19000000e+02 2.75000000e+02 2.28000000e+02 1.18000000e+02
  1.15000000e+02 1.13000000e+02 8.50000000e+01 8.00000000e+01
  4.50000000e+01 4.40000000e+01 4.30000000e+01 3.70000000e+01
  3.50000000e+01 3.20000000e+01 2.00000000e+01 1.70000000e+01
  1.60000000e+01 1.50000000e+01 1.40000000e+01 1.30000000e+01
  8.00000000e+00 6.00000000e+00 5.00000000e+00 4.00000000e+00
  3.00000000e+00 1.00000000e+00]]"
21,21881,"[[0.00000000e+00 2.00000000e+00 2.23606801e+00 2.82842708e+00
  3.00000000e+00 3.16227770e+00 3.46410155e+00 3.60555124e+00
  3.74165750e+00 4.00000000e+00 4.12310553e+00 4.24264050e+00
  4.47213602e+00 4.58257580e+00 4.69041586e+00 4.89897966e+00
  5.00000000e+00 5.09901953e+00 5.38516474e+00 5.65685415e+00
  5.74456263e+00 5.83095169e+00 6.08276272e+00 6.16441393e+00
  6.32455540e+00 6.40312433e+00 6.63324976e+00 6.70820379e+00
  7.28010988e+00 8.24621105e+00]
 [2.30400000e+03 1.46800000e+03 7.64000000e+02 4.28000000e+02
  3.19000000e+02 2.75000000e+02 2.28000000e+02 1.18000000e+02
  1.15000000e+02 1.13000000e+02 8.50000000e+01 8.00000000e+01
  4.50000000e+01 4.40000000e+01 4.30000000e+01 3.70000000e+01
  3.50000000e+01 3.20000000e+01 2.00000000e+01 1.70000000e+01
  1.60000000e+01 1.50000000e+01 1.40000000e+01 1.30000000e+01
  8.00000000e+00 6.00000000e+00 5.00000000e+00 4.00000000e+00
  3.00000000e+00 1.00000000e+00]]"
22,9120,"[[0.00000000e+00 2.00000000e+00 2.23606801e+00 2.82842708e+00
  3.00000000e+00 3.16227770e+00 3.46410155e+00 3.60555124e+00
  3.74165750e+00 4.00000000e+00 4.12310553e+00 4.24264050e+00
  4.47213602e+00 4.58257580e+00 4.69041586e+00 4.89897966e+00
  5.00000000e+00 5.09901953e+00 5.38516474e+00 5.65685415e+00
  5.74456263e+00 5.83095169e+00 6.08276272e+00 6.16441393e+00
  6.32455540e+00 6.40312433e+00 6.63324976e+00 6.70820379e+00
  7.28010988e+00 8.24621105e+00]
 [2.30400000e+03 1.46800000e+03 7.64000000e+02 4.28000000e+02
  3.19000000e+02 2.75000000e+02 2.28000000e+02 1.18000000e+02
  1.15000000e+02 1.13000000e+02 8.50000000e+01 8.00000000e+01
  4.50000000e+01 4.40000000e+01 4.30000000e+01 3.70000000e+01
  3.50000000e+01 3.20000000e+01 2.00000000e+01 1.70000000e+01
  1.60000000e+01 1.50000000e+01 1.40000000e+01 1.30000000e+01
  8.00000000e+00 6.00000000e+00 5.00000000e+00 4.00000000e+00
  3.00000000e+00 1.00000000e+00]]"
23,27349,"[[0.00000000e+00 2.00000000e+00 2.23606801e+00 2.82842708e+00
  3.00000000e+00 3.16227770e+00 3.46410155e+00 3.60555124e+00
  3.74165750e+00 4.00000000e+00 4.12310553e+00 4.24264050e+00
  4.47213602e+00 4.58257580e+00 4.69041586e+00 4.89897966e+00
  5.00000000e+00 5.09901953e+00 5.38516474e+00 5.65685415e+00
  5.74456263e+00 5.83095169e+00 6.08276272e+00 6.16441393e+00
  6.32455540e+00 6.40312433e+00 6.63324976e+00 6.70820379e+00
  7.28010988e+00 8.24621105e+00]
 [2.30400000e+03 1.46800000e+03 7.64000000e+02 4.28000000e+02
  3.19000000e+02 2.75000000e+02 2.28000000e+02 1.18000000e+02
  1.15000000e+02 1.13000000e+02 8.50000000e+01 8.00000000e+01
  4.50000000e+01 4.40000000e+01 4.30000000e+01 3.70000000e+01
  3.50000000e+01 3.20000000e+01 2.00000000e+01 1.70000000e+01
  1.60000000e+01 1.50000000e+01 1.40000000e+01 1.30000000e+01
  8.00000000e+00 6.00000000e+00 5.00000000e+00 4.00000000e+00
  3.00000000e+00 1.00000000e+00]]"
24,31001,"[[0.00000000e+00 2.00000000e+00 2.23606801e+00 2.82842708e+00
  3.00000000e+00 3.16227770e+00 3.46410155e+00 3.60555124e+00
  3.74165750e+00 4.00000000e+00 4.12310553e+00 4.24264050e+00
  4.47213602e+00 4.58257580e+00 4.69041586e+00 4.89897966e+00
  5.00000000e+00 5.09901953e+00 5.38516474e+00 5.65685415e+00
  5.74456263e+00 5.83095169e+00 6.08276272e+00 6.16441393e+00
  6.32455540e+00 6.40312433e+00 6.63324976e+00 6.70820379e+00
  7.28010988e+00 8.24621105e+00]
 [2.30400000e+03 1.46800000e+03 7.64000000e+02 4.28000000e+02
  3.19000000e+02 2.75000000e+02 2.28000000e+02 1.18000000e+02
  1.15000000e+02 1.13000000e+02 8.50000000e+01 8.00000000e+01
  4.50000000e+01 4.40000000e+01 4.30000000e+01 3.70000000e+01
  3.50000000e+01 3.20000000e+01 2.00000000e+01 1.70000000e+01
  1.60000000e+01 1.50000000e+01 1.40000000e+01 1.30000000e+01
  8.00000000e+00 6.00000000e+00 5.00000000e+00 4.00000000e+00
  3.00000000e+00 1.00000000e+00]]"
25,19054,"[[0.00000000e+00 2.00000000e+00 2.23606801e+00 2.82842708e+00
  3.00000000e+00 3.16227770e+00 3.46410155e+00 3.60555124e+00
  3.74165750e+00 4.00000000e+00 4.12310553e+00 4.24264050e+00
  4.47213602e+00 4.58257580e+00 4.69041586e+00 4.89897966e+00
  5.00000000e+00 5.09901953e+00 5.38516474e+00 5.65685415e+00
  5.74456263e+00 5.83095169e+00 6.08276272e+00 6.16441393e+00
  6.32455540e+00 6.40312433e+00 6.63324976e+00 6.70820379e+00
  7.28010988e+00 8.24621105e+00]
 [2.30400000e+03 1.46800000e+03 7.64000000e+02 4.28000000e+02
  3.19000000e+02 2.75000000e+02 2.28000000e+02 1.18000000e+02
  1.15000000e+02 1.13000000e+02 8.50000000e+01 8.00000000e+01
  4.50000000e+01 4.40000000e+01 4.30000000e+01 3.70000000e+01
  3.50000000e+01 3.20000000e+01 2.00000000e+01 1.70000000e+01
  1.60000000e+01 1.50000000e+01 1.40000000e+01 1.30000000e+01
  8.00000000e+00 6.00000000e+00 5.00000000e+00 4.00000000e+00
  3.00000000e+00 1.00000000e+00]]"
26,3427,"[[0.00000000e+00 2.00000000e+00 2.23606801e+00 2.82842708e+00
  3.00000000e+00 3.16227770e+00 3.46410155e+00 3.60555124e+00
  3.74165750e+00 4.00000000e+00 4.12310553e+00 4.24264050e+00
  4.47213602e+00 4.58257580e+00 4.69041586e+00 4.89897966e+00
  5.00000000e+00 5.09901953e+00 5.38516474e+00 5.65685415e+00
  5.74456263e+00 5.83095169e+00 6.08276272e+00 6.16441393e+00
  6.32455540e+00 6.40312433e+00 6.63324976e+00 6.70820379e+00
  7.28010988e+00 8.24621105e+00]
 [2.30400000e+03 1.46800000e+03 7.64000000e+02 4.28000000e+02
  3.19000000e+02 2.75000000e+02 2.28000000e+02 1.18000000e+02
  1.15000000e+02 1.13000000e+02 8.50000000e+01 8.00000000e+01
  4.50000000e+01 4.40000000e+01 4.30000000e+01 3.70000000e+01
  3.50000000e+01 3.20000000e+01 2.00000000e+01 1.70000000e+01
  1.60000000e+01 1.50000000e+01 1.40000000e+01 1.30000000e+01
  8.00000000e+00 6.00000000e+00 5.00000000e+00 4.00000000e+00
  3.00000000e+00 1.00000000e+00]]"
27,24497,"[[0.00000000e+00 2.00000000e+00 2.23606801e+00 2.82842708e+00
  3.00000000e+00 3.16227770e+00 3.46410155e+00 3.60555124e+00
  3.74165750e+00 4.00000000e+00 4.12310553e+00 4.24264050e+00
  4.47213602e+00 4.58257580e+00 4.69041586e+00 4.89897966e+00
  5.00000000e+00 5.09901953e+00 5.38516474e+00 5.65685415e+00
  5.74456263e+00 5.83095169e+00 6.08276272e+00 6.16441393e+00
  6.32455540e+00 6.40312433e+00 6.63324976e+00 6.70820379e+00
  7.28010988e+00 8.24621105e+00]
 [2.30400000e+03 1.46800000e+03 7.64000000e+02 4.28000000e+02
  3.19000000e+02 2.75000000e+02 2.28000000e+02 1.18000000e+02
  1.15000000e+02 1.13000000e+02 8.50000000e+01 8.00000000e+01
  4.50000000e+01 4.40000000e+01 4.30000000e+01 3.70000000e+01
  3.50000000e+01 3.20000000e+01 2.00000000e+01 1.70000000e+01
  1.60000000e+01 1.50000000e+01 1.40000000e+01 1.30000000e+01
  8.00000000e+00 6.00000000e+00 5.00000000e+00 4.00000000e+00
  3.00000000e+00 1.00000000e+00]]"
28,7356,"[[0.00000000e+00 2.00000000e+00 2.23606801e+00 2.82842708e+00
  3.00000000e+00 3.16227770e+00 3.46410155e+00 3.60555124e+00
  3.74165750e+00 4.00000000e+00 4.12310553e+00 4.24264050e+00
  4.47213602e+00 4.58257580e+00 4.69041586e+00 4.89897966e+00
  5.00000000e+00 5.09901953e+00 5.38516474e+00 5.65685415e+00
  5.74456263e+00 5.83095169e+00 6.08276272e+00 6.16441393e+00
  6.32455540e+00 6.40312433e+00 6.63324976e+00 6.70820379e+00
  7.28010988e+00 8.24621105e+00]
 [2.30400000e+03 1.46800000e+03 7.64000000e+02 4.28000000e+02
  3.19000000e+02 2.75000000e+02 2.28000000e+02 1.18000000e+02
  1.15000000e+02 1.13000000e+02 8.50000000e+01 8.00000000e+01
  4.50000000e+01 4.40000000e+01 4.30000000e+01 3.70000000e+01
  3.50000000e+01 3.20000000e+01 2.00000000e+01 1.70000000e+01
  1.60000000e+01 1.50000000e+01 1.40000000e+01 1.30000000e+01
  8.00000000e+00 6.00000000e+00 5.00000000e+00 4.00000000e+00
  3.00000000e+00 1.00000000e+00]]"
29,23241,"[[0.00000000e+00 2.00000000e+00 2.23606801e+00 2.82842708e+00
  3.00000000e+00 3.16227770e+00 3.46410155e+00 3.60555124e+00
  3.74165750e+00 4.00000000e+00 4.12310553e+00 4.24264050e+00
  4.47213602e+00 4.58257580e+00 4.69041586e+00 4.89897966e+00
  5.00000000e+00 5.09901953e+00 5.38516474e+00 5.65685415e+00
  5.74456263e+00 5.83095169e+00 6.08276272e+00 6.16441393e+00
  6.32455540e+00 6.40312433e+00 6.63324976e+00 6.70820379e+00
  7.28010988e+00 8.24621105e+00]
 [2.30400000e+03 1.46800000e+03 7.64000000e+02 4.28000000e+02
  3.19000000e+02 2.75000000e+02 2.28000000e+02 1.18000000e+02
  1.15000000e+02 1.13000000e+02 8.50000000e+01 8.00000000e+01
  4.50000000e+01 4.40000000e+01 4.30000000e+01 3.70000000e+01
  3.50000000e+01 3.20000000e+01 2.00000000e+01 1.70000000e+01
  1.60000000e+01 1.50000000e+01 1.40000000e+01 1.30000000e+01
  8.00000000e+00 6.00000000e+00 5.00000000e+00 4.00000000e+00
  3.00000000e+00 1.00000000e+00]]"
30,9828,"[[0.00000000e+00 2.00000000e+00 2.23606801e+00 2.82842708e+00
  3.00000000e+00 3.16227770e+00 3.46410155e+00 3.60555124e+00
  3.74165750e+00 4.00000000e+00 4.12310553e+00 4.24264050e+00
  4.47213602e+00 4.58257580e+00 4.69041586e+00 4.89897966e+00
  5.00000000e+00 5.09901953e+00 5.38516474e+00 5.65685415e+00
  5.74456263e+00 5.83095169e+00 6.08276272e+00 6.16441393e+00
  6.32455540e+00 6.40312433e+00 6.63324976e+00 6.70820379e+00
  7.28010988e+00 8.24621105e+00]
 [2.30400000e+03 1.46800000e+03 7.64000000e+02 4.28000000e+02
  3.19000000e+02 2.75000000e+02 2.28000000e+02 1.18000000e+02
  1.15000000e+02 1.13000000e+02 8.50000000e+01 8.00000000e+01
  4.50000000e+01 4.40000000e+01 4.30000000e+01 3.70000000e+01
  3.50000000e+01 3.20000000e+01 2.00000000e+01 1.70000000e+01
  1.60000000e+01 1.50000000e+01 1.40000000e+01 1.30000000e+01
  8.00000000e+00 6.00000000e+00 5.00000000e+00 4.00000000e+00
  3.00000000e+00 1.00000000e+00]]"
31,11343,"[[0.00000000e+00 2.00000000e+00 2.23606801e+00 2.82842708e+00
  3.00000000e+00 3.16227770e+00 3.46410155e+00 3.60555124e+00
  3.74165750e+00 4.00000000e+00 4.12310553e+00 4.24264050e+00
  4.47213602e+00 4.58257580e+00 4.69041586e+00 4.89897966e+00
  5.00000000e+00 5.09901953e+00 5.38516474e+00 5.65685415e+00
  5.74456263e+00 5.83095169e+00 6.08276272e+00 6.16441393e+00
  6.32455540e+00 6.40312433e+00 6.63324976e+00 6.70820379e+00
  7.28010988e+00 8.24621105e+00]
 [2.30400000e+03 1.46800000e+03 7.64000000e+02 4.28000000e+02
  3.19000000e+02 2.75000000e+02 2.28000000e+02 1.18000000e+02
  1.15000000e+02 1.13000000e+02 8.50000000e+01 8.00000000e+01
  4.50000000e+01 4.40000000e+01 4.30000000e+01 3.70000000e+01
  3.50000000e+01 3.20000000e+01 2.00000000e+01 1.70000000e+01
  1.60000000e+01 1.50000000e+01 1.40000000e+01 1.30000000e+01
  8.00000000e+00 6.00000000e+00 5.00000000e+00 4.00000000e+00
  3.00000000e+00 1.00000000e+00]]"
32,18493,"[[0.00000000e+00 2.00000000e+00 2.23606801e+00 2.82842708e+00
  3.00000000e+00 3.16227770e+00 3.46410155e+00 3.60555124e+00
  3.74165750e+00 4.00000000e+00 4.12310553e+00 4.24264050e+00
  4.47213602e+00 4.58257580e+00 4.69041586e+00 4.89897966e+00
  5.00000000e+00 5.09901953e+00 5.38516474e+00 5.65685415e+00
  5.74456263e+00 5.83095169e+00 6.08276272e+00 6.16441393e+00
  6.32455540e+00 6.40312433e+00 6.63324976e+00 6.70820379e+00
  7.28010988e+00 8.24621105e+00]
 [2.30400000e+03 1.46800000e+03 7.64000000e+02 4.28000000e+02
  3.19000000e+02 2.75000000e+02 2.28000000e+02 1.18000000e+02
  1.15000000e+02 1.13000000e+02 8.50000000e+01 8.00000000e+01
  4.50000000e+01 4.40000000e+01 4.30000000e+01 3.70000000e+01
  3.50000000e+01 3.20000000e+01 2.00000000e+01 1.70000000e+01
  1.60000000e+01 1.50000000e+01 1.40000000e+01 1.30000000e+01
  8.00000000e+00 6.00000000e+00 5.00000000e+00 4.00000000e+00
  3.00000000e+00 1.00000000e+00]]"
33,9774,"[[0.00000000e+00 2.00000000e+00 2.23606801e+00 2.82842708e+00
  3.00000000e+00 3.16227770e+00 3.46410155e+00 3.60555124e+00
  3.74165750e+00 4.00000000e+00 4.12310553e+00 4.24264050e+00
  4.47213602e+00 4.58257580e+00 4.69041586e+00 4.89897966e+00
  5.00000000e+00 5.09901953e+00 5.38516474e+00 5.65685415e+00
  5.74456263e+00 5.83095169e+00 6.08276272e+00 6.16441393e+00
  6.32455540e+00 6.40312433e+00 6.63324976e+00 6.70820379e+00
  7.28010988e+00 8.24621105e+00]
 [2.30400000e+03 1.46800000e+03 7.64000000e+02 4.28000000e+02
  3.19000000e+02 2.75000000e+02 2.28000000e+02 1.18000000e+02
  1.15000000e+02 1.13000000e+02 8.50000000e+01 8.00000000e+01
  4.50000000e+01 4.40000000e+01 4.30000000e+01 3.70000000e+01
  3.50000000e+01 3.20000000e+01 2.00000000e+01 1.70000000e+01
  1.60000000e+01 1.50000000e+01 1.40000000e+01 1.30000000e+01
  8.00000000e+00 6.00000000e+00 5.00000000e+00 4.00000000e+00
  3.00000000e+00 1.00000000e+00]]"
34,4117,"[[0.00000000e+00 2.00000000e+00 2.23606801e+00 2.82842708e+00
  3.00000000e+00 3.16227770e+00 3.46410155e+00 3.60555124e+00
  3.74165750e+00 4.00000000e+00 4.12310553e+00 4.24264050e+00
  4.47213602e+00 4.58257580e+00 4.69041586e+00 4.89897966e+00
  5.00000000e+00 5.09901953e+00 5.38516474e+00 5.65685415e+00
  5.74456263e+00 5.83095169e+00 6.08276272e+00 6.16441393e+00
  6.32455540e+00 6.40312433e+00 6.63324976e+00 6.70820379e+00
  7.28010988e+00 8.24621105e+00]
 [2.30400000e+03 1.46800000e+03 7.64000000e+02 4.28000000e+02
  3.19000000e+02 2.75000000e+02 2.28000000e+02 1.18000000e+02
  1.15000000e+02 1.13000000e+02 8.50000000e+01 8.00000000e+01
  4.50000000e+01 4.40000000e+01 4.30000000e+01 3.70000000e+01
  3.50000000e+01 3.20000000e+01 2.00000000e+01 1.70000000e+01
  1.60000000e+01 1.50000000e+01 1.40000000e+01 1.30000000e+01
  8.00000000e+00 6.00000000e+00 5.00000000e+00 4.00000000e+00
  3.00000000e+00 1.00000000e+00]]"
35,6394,"[[0.00000000e+00 2.00000000e+00 2.23606801e+00 2.82842708e+00
  3.00000000e+00 3.16227770e+00 3.46410155e+00 3.60555124e+00
  3.74165750e+00 4.00000000e+00 4.12310553e+00 4.24264050e+00
  4.47213602e+00 4.58257580e+00 4.69041586e+00 4.89897966e+00
  5.00000000e+00 5.09901953e+00 5.38516474e+00 5.65685415e+00
  5.74456263e+00 5.83095169e+00 6.08276272e+00 6.16441393e+00
  6.32455540e+00 6.40312433e+00 6.63324976e+00 6.70820379e+00
  7.28010988e+00 8.24621105e+00]
 [2.30400000e+03 1.46800000e+03 7.64000000e+02 4.28000000e+02
  3.19000000e+02 2.75000000e+02 2.28000000e+02 1.18000000e+02
  1.15000000e+02 1.13000000e+02 8.50000000e+01 8.00000000e+01
  4.50000000e+01 4.40000000e+01 4.30000000e+01 3.70000000e+01
  3.50000000e+01 3.20000000e+01 2.00000000e+01 1.70000000e+01
  1.60000000e+01 1.50000000e+01 1.40000000e+01 1.30000000e+01
  8.00000000e+00 6.00000000e+00 5.00000000e+00 4.00000000e+00
  3.00000000e+00 1.00000000e+00]]"
36,27783,"[[0.00000000e+00 2.00000000e+00 2.23606801e+00 2.82842708e+00
  3.00000000e+00 3.16227770e+00 3.46410155e+00 3.60555124e+00
  3.74165750e+00 4.00000000e+00 4.12310553e+00 4.24264050e+00
  4.47213602e+00 4.58257580e+00 4.69041586e+00 4.89897966e+00
  5.00000000e+00 5.09901953e+00 5.38516474e+00 5.65685415e+00
  5.74456263e+00 5.83095169e+00 6.08276272e+00 6.16441393e+00
  6.32455540e+00 6.40312433e+00 6.63324976e+00 6.70820379e+00
  7.28010988e+00 8.24621105e+00]
 [2.30400000e+03 1.46800000e+03 7.64000000e+02 4.28000000e+02
  3.19000000e+02 2.75000000e+02 2.28000000e+02 1.18000000e+02
  1.15000000e+02 1.13000000e+02 8.50000000e+01 8.00000000e+01
  4.50000000e+01 4.40000000e+01 4.30000000e+01 3.70000000e+01
  3.50000000e+01 3.20000000e+01 2.00000000e+01 1.70000000e+01
  1.60000000e+01 1.50000000e+01 1.40000000e+01 1.30000000e+01
  8.00000000e+00 6.00000000e+00 5.00000000e+00 4.00000000e+00
  3.00000000e+00 1.00000000e+00]]"
37,17535,"[[0.00000000e+00 2.00000000e+00 2.23606801e+00 2.82842708e+00
  3.00000000e+00 3.16227770e+00 3.46410155e+00 3.60555124e+00
  3.74165750e+00 4.00000000e+00 4.12310553e+00 4.24264050e+00
  4.47213602e+00 4.58257580e+00 4.69041586e+00 4.89897966e+00
  5.00000000e+00 5.09901953e+00 5.38516474e+00 5.65685415e+00
  5.74456263e+00 5.83095169e+00 6.08276272e+00 6.16441393e+00
  6.32455540e+00 6.40312433e+00 6.63324976e+00 6.70820379e+00
  7.28010988e+00 8.24621105e+00]
 [2.30400000e+03 1.46800000e+03 7.64000000e+02 4.28000000e+02
  3.19000000e+02 2.75000000e+02 2.28000000e+02 1.18000000e+02
  1.15000000e+02 1.13000000e+02 8.50000000e+01 8.00000000e+01
  4.50000000e+01 4.40000000e+01 4.30000000e+01 3.70000000e+01
  3.50000000e+01 3.20000000e+01 2.00000000e+01 1.70000000e+01
  1.60000000e+01 1.50000000e+01 1.40000000e+01 1.30000000e+01
  8.00000000e+00 6.00000000e+00 5.00000000e+00 4.00000000e+00
  3.00000000e+00 1.00000000e+00]]"
38,6392,"[[0.00000000e+00 2.00000000e+00 2.23606801e+00 2.82842708e+00
  3.00000000e+00 3.16227770e+00 3.46410155e+00 3.60555124e+00
  3.74165750e+00 4.00000000e+00 4.12310553e+00 4.24264050e+00
  4.47213602e+00 4.58257580e+00 4.69041586e+00 4.89897966e+00
  5.00000000e+00 5.09901953e+00 5.38516474e+00 5.65685415e+00
  5.74456263e+00 5.83095169e+00 6.08276272e+00 6.16441393e+00
  6.32455540e+00 6.40312433e+00 6.63324976e+00 6.70820379e+00
  7.28010988e+00 8.24621105e+00]
 [2.30400000e+03 1.46800000e+03 7.64000000e+02 4.28000000e+02
  3.19000000e+02 2.75000000e+02 2.28000000e+02 1.18000000e+02
  1.15000000e+02 1.13000000e+02 8.50000000e+01 8.00000000e+01
  4.50000000e+01 4.40000000e+01 4.30000000e+01 3.70000000e+01
  3.50000000e+01 3.20000000e+01 2.00000000e+01 1.70000000e+01
  1.60000000e+01 1.50000000e+01 1.40000000e+01 1.30000000e+01
  8.00000000e+00 6.00000000e+00 5.00000000e+00 4.00000000e+00
  3.00000000e+00 1.00000000e+00]]"
39,28835,"[[0.00000000e+00 2.00000000e+00 2.23606801e+00 2.82842708e+00
  3.00000000e+00 3.16227770e+00 3.46410155e+00 3.60555124e+00
  3.74165750e+00 4.00000000e+00 4.12310553e+00 4.24264050e+00
  4.47213602e+00 4.58257580e+00 4.69041586e+00 4.89897966e+00
  5.00000000e+00 5.09901953e+00 5.38516474e+00 5.65685415e+00
  5.74456263e+00 5.83095169e+00 6.08276272e+00 6.16441393e+00
  6.32455540e+00 6.40312433e+00 6.63324976e+00 6.70820379e+00
  7.28010988e+00 8.24621105e+00]
 [2.30400000e+03 1.46800000e+03 7.64000000e+02 4.28000000e+02
  3.19000000e+02 2.75000000e+02 2.28000000e+02 1.18000000e+02
  1.15000000e+02 1.13000000e+02 8.50000000e+01 8.00000000e+01
  4.50000000e+01 4.40000000e+01 4.30000000e+01 3.70000000e+01
  3.50000000e+01 3.20000000e+01 2.00000000e+01 1.70000000e+01
  1.60000000e+01 1.50000000e+01 1.40000000e+01 1.30000000e+01
  8.00000000e+00 6.00000000e+00 5.00000000e+00 4.00000000e+00
  3.00000000e+00 1.00000000e+00]]"
40,8191,"[[0.00000000e+00 2.00000000e+00 2.23606801e+00 2.82842708e+00
  3.00000000e+00 3.16227770e+00 3.46410155e+00 3.60555124e+00
  3.74165750e+00 4.00000000e+00 4.12310553e+00 4.24264050e+00
  4.47213602e+00 4.58257580e+00 4.69041586e+00 4.89897966e+00
  5.00000000e+00 5.09901953e+00 5.38516474e+00 5.65685415e+00
  5.74456263e+00 5.83095169e+00 6.08276272e+00 6.16441393e+00
  6.32455540e+00 6.40312433e+00 6.63324976e+00 6.70820379e+00
  7.28010988e+00 8.24621105e+00]
 [2.30400000e+03 1.46800000e+03 7.64000000e+02 4.28000000e+02
  3.19000000e+02 2.75000000e+02 2.28000000e+02 1.18000000e+02
  1.15000000e+02 1.13000000e+02 8.50000000e+01 8.00000000e+01
  4.50000000e+01 4.40000000e+01 4.30000000e+01 3.70000000e+01
  3.50000000e+01 3.20000000e+01 2.00000000e+01 1.70000000e+01
  1.60000000e+01 1.50000000e+01 1.40000000e+01 1.30000000e+01
  8.00000000e+00 6.00000000e+00 5.00000000e+00 4.00000000e+00
  3.00000000e+00 1.00000000e+00]]"
41,2810,"[[0.00000000e+00 2.00000000e+00 2.23606801e+00 2.82842708e+00
  3.00000000e+00 3.16227770e+00 3.46410155e+00 3.60555124e+00
  3.74165750e+00 4.00000000e+00 4.12310553e+00 4.24264050e+00
  4.47213602e+00 4.58257580e+00 4.69041586e+00 4.89897966e+00
  5.00000000e+00 5.09901953e+00 5.38516474e+00 5.65685415e+00
  5.74456263e+00 5.83095169e+00 6.08276272e+00 6.16441393e+00
  6.32455540e+00 6.40312433e+00 6.63324976e+00 6.70820379e+00
  7.28010988e+00 8.24621105e+00]
 [2.30400000e+03 1.46800000e+03 7.64000000e+02 4.28000000e+02
  3.19000000e+02 2.75000000e+02 2.28000000e+02 1.18000000e+02
  1.15000000e+02 1.13000000e+02 8.50000000e+01 8.00000000e+01
  4.50000000e+01 4.40000000e+01 4.30000000e+01 3.70000000e+01
  3.50000000e+01 3.20000000e+01 2.00000000e+01 1.70000000e+01
  1.60000000e+01 1.50000000e+01 1.40000000e+01 1.30000000e+01
  8.00000000e+00 6.00000000e+00 5.00000000e+00 4.00000000e+00
  3.00000000e+00 1.00000000e+00]]"
42,5165,"[[0.00000000e+00 2.00000000e+00 2.23606801e+00 2.82842708e+00
  3.00000000e+00 3.16227770e+00 3.46410155e+00 3.60555124e+00
  3.74165750e+00 4.00000000e+00 4.12310553e+00 4.24264050e+00
  4.47213602e+00 4.58257580e+00 4.69041586e+00 4.89897966e+00
  5.00000000e+00 5.09901953e+00 5.38516474e+00 5.65685415e+00
  5.74456263e+00 5.83095169e+00 6.08276272e+00 6.16441393e+00
  6.32455540e+00 6.40312433e+00 6.63324976e+00 6.70820379e+00
  7.28010988e+00 8.24621105e+00]
 [2.30400000e+03 1.46800000e+03 7.64000000e+02 4.28000000e+02
  3.19000000e+02 2.75000000e+02 2.28000000e+02 1.18000000e+02
  1.15000000e+02 1.13000000e+02 8.50000000e+01 8.00000000e+01
  4.50000000e+01 4.40000000e+01 4.30000000e+01 3.70000000e+01
  3.50000000e+01 3.20000000e+01 2.00000000e+01 1.70000000e+01
  1.60000000e+01 1.50000000e+01 1.40000000e+01 1.30000000e+01
  8.00000000e+00 6.00000000e+00 5.00000000e+00 4.00000000e+00
  3.00000000e+00 1.00000000e+00]]"
43,17963,"[[0.00000000e+00 2.00000000e+00 2.23606801e+00 2.82842708e+00
  3.00000000e+00 3.16227770e+00 3.46410155e+00 3.60555124e+00
  3.74165750e+00 4.00000000e+00 4.12310553e+00 4.24264050e+00
  4.47213602e+00 4.58257580e+00 4.69041586e+00 4.89897966e+00
  5.00000000e+00 5.09901953e+00 5.38516474e+00 5.65685415e+00
  5.74456263e+00 5.83095169e+00 6.08276272e+00 6.16441393e+00
  6.32455540e+00 6.40312433e+00 6.63324976e+00 6.70820379e+00
  7.28010988e+00 8.24621105e+00]
 [2.30400000e+03 1.46800000e+03 7.64000000e+02 4.28000000e+02
  3.19000000e+02 2.75000000e+02 2.28000000e+02 1.18000000e+02
  1.15000000e+02 1.13000000e+02 8.50000000e+01 8.00000000e+01
  4.50000000e+01 4.40000000e+01 4.30000000e+01 3.70000000e+01
  3.50000000e+01 3.20000000e+01 2.00000000e+01 1.70000000e+01
  1.60000000e+01 1.50000000e+01 1.40000000e+01 1.30000000e+01
  8.00000000e+00 6.00000000e+00 5.00000000e+00 4.00000000e+00
  3.00000000e+00 1.00000000e+00]]"
44,20756,"[[0.00000000e+00 2.00000000e+00 2.23606801e+00 2.82842708e+00
  3.00000000e+00 3.16227770e+00 3.46410155e+00 3.60555124e+00
  3.74165750e+00 4.00000000e+00 4.12310553e+00 4.24264050e+00
  4.47213602e+00 4.58257580e+00 4.69041586e+00 4.89897966e+00
  5.00000000e+00 5.09901953e+00 5.38516474e+00 5.65685415e+00
  5.74456263e+00 5.83095169e+00 6.08276272e+00 6.16441393e+00
  6.32455540e+00 6.40312433e+00 6.63324976e+00 6.70820379e+00
  7.28010988e+00 8.24621105e+00]
 [2.30400000e+03 1.46800000e+03 7.64000000e+02 4.28000000e+02
  3.19000000e+02 2.75000000e+02 2.28000000e+02 1.18000000e+02
  1.15000000e+02 1.13000000e+02 8.50000000e+01 8.00000000e+01
  4.50000000e+01 4.40000000e+01 4.30000000e+01 3.70000000e+01
  3.50000000e+01 3.20000000e+01 2.00000000e+01 1.70000000e+01
  1.60000000e+01 1.50000000e+01 1.40000000e+01 1.30000000e+01
  8.00000000e+00 6.00000000e+00 5.00000000e+00 4.00000000e+00
  3.00000000e+00 1.00000000e+00]]"
45,15968,"[[0.00000000e+00 2.00000000e+00 2.23606801e+00 2.82842708e+00
  3.00000000e+00 3.16227770e+00 3.46410155e+00 3.60555124e+00
  3.74165750e+00 4.00000000e+00 4.12310553e+00 4.24264050e+00
  4.47213602e+00 4.58257580e+00 4.69041586e+00 4.89897966e+00
  5.00000000e+00 5.09901953e+00 5.38516474e+00 5.65685415e+00
  5.74456263e+00 5.83095169e+00 6.08276272e+00 6.16441393e+00
  6.32455540e+00 6.40312433e+00 6.63324976e+00 6.70820379e+00
  7.28010988e+00 8.24621105e+00]
 [2.30400000e+03 1.46800000e+03 7.64000000e+02 4.28000000e+02
  3.19000000e+02 2.75000000e+02 2.28000000e+02 1.18000000e+02
  1.15000000e+02 1.13000000e+02 8.50000000e+01 8.00000000e+01
  4.50000000e+01 4.40000000e+01 4.30000000e+01 3.70000000e+01
  3.50000000e+01 3.20000000e+01 2.00000000e+01 1.70000000e+01
  1.60000000e+01 1.50000000e+01 1.40000000e+01 1.30000000e+01
  8.00000000e+00 6.00000000e+00 5.00000000e+00 4.00000000e+00
  3.00000000e+00 1.00000000e+00]]"
46,1963,"[[0.00000000e+00 2.00000000e+00 2.23606801e+00 2.82842708e+00
  3.00000000e+00 3.16227770e+00 3.46410155e+00 3.60555124e+00
  3.74165750e+00 4.00000000e+00 4.12310553e+00 4.24264050e+00
  4.47213602e+00 4.58257580e+00 4.69041586e+00 4.89897966e+00
  5.00000000e+00 5.09901953e+00 5.38516474e+00 5.65685415e+00
  5.74456263e+00 5.83095169e+00 6.08276272e+00 6.16441393e+00
  6.32455540e+00 6.40312433e+00 6.63324976e+00 6.70820379e+00
  7.28010988e+00 8.24621105e+00]
 [2.30400000e+03 1.46800000e+03 7.64000000e+02 4.28000000e+02
  3.19000000e+02 2.75000000e+02 2.28000000e+02 1.18000000e+02
  1.15000000e+02 1.13000000e+02 8.50000000e+01 8.00000000e+01
  4.50000000e+01 4.40000000e+01 4.30000000e+01 3.70000000e+01
  3.50000000e+01 3.20000000e+01 2.00000000e+01 1.70000000e+01
  1.60000000e+01 1.50000000e+01 1.40000000e+01 1.30000000e+01
  8.00000000e+00 6.00000000e+00 5.00000000e+00 4.00000000e+00
  3.00000000e+00 1.00000000e+00]]"
47,29634,"[[0.00000000e+00 2.00000000e+00 2.23606801e+00 2.82842708e+00
  3.00000000e+00 3.16227770e+00 3.46410155e+00 3.60555124e+00
  3.74165750e+00 4.00000000e+00 4.12310553e+00 4.24264050e+00
  4.47213602e+00 4.58257580e+00 4.69041586e+00 4.89897966e+00
  5.00000000e+00 5.09901953e+00 5.38516474e+00 5.65685415e+00
  5.74456263e+00 5.83095169e+00 6.08276272e+00 6.16441393e+00
  6.32455540e+00 6.40312433e+00 6.63324976e+00 6.70820379e+00
  7.28010988e+00 8.24621105e+00]
 [2.30400000e+03 1.46800000e+03 7.64000000e+02 4.28000000e+02
  3.19000000e+02 2.75000000e+02 2.28000000e+02 1.18000000e+02
  1.15000000e+02 1.13000000e+02 8.50000000e+01 8.00000000e+01
  4.50000000e+01 4.40000000e+01 4.30000000e+01 3.70000000e+01
  3.50000000e+01 3.20000000e+01 2.00000000e+01 1.70000000e+01
  1.60000000e+01 1.50000000e+01 1.40000000e+01 1.30000000e+01
  8.00000000e+00 6.00000000e+00 5.00000000e+00 4.00000000e+00
  3.00000000e+00 1.00000000e+00]]"
48,9212,"[[0.00000000e+00 2.00000000e+00 2.23606801e+00 2.82842708e+00
  3.00000000e+00 3.16227770e+00 3.46410155e+00 3.60555124e+00
  3.74165750e+00 4.00000000e+00 4.12310553e+00 4.24264050e+00
  4.47213602e+00 4.58257580e+00 4.69041586e+00 4.89897966e+00
  5.00000000e+00 5.09901953e+00 5.38516474e+00 5.65685415e+00
  5.74456263e+00 5.83095169e+00 6.08276272e+00 6.16441393e+00
  6.32455540e+00 6.40312433e+00 6.63324976e+00 6.70820379e+00
  7.28010988e+00 8.24621105e+00]
 [2.30400000e+03 1.46800000e+03 7.64000000e+02 4.28000000e+02
  3.19000000e+02 2.75000000e+02 2.28000000e+02 1.18000000e+02
  1.15000000e+02 1.13000000e+02 8.50000000e+01 8.00000000e+01
  4.50000000e+01 4.40000000e+01 4.30000000e+01 3.70000000e+01
  3.50000000e+01 3.20000000e+01 2.00000000e+01 1.70000000e+01
  1.60000000e+01 1.50000000e+01 1.40000000e+01 1.30000000e+01
  8.00000000e+00 6.00000000e+00 5.00000000e+00 4.00000000e+00
  3.00000000e+00 1.00000000e+00]]"
49,14245,"[[0.00000000e+00 2.00000000e+00 2.23606801e+00 2.82842708e+00
  3.00000000e+00 3.16227770e+00 3.46410155e+00 3.60555124e+00
  3.74165750e+00 4.00000000e+00 4.12310553e+00 4.24264050e+00
  4.47213602e+00 4.58257580e+00 4.69041586e+00 4.89897966e+00
  5.00000000e+00 5.09901953e+00 5.38516474e+00 5.65685415e+00
  5.74456263e+00 5.83095169e+00 6.08276272e+00 6.16441393e+00
  6.32455540e+00 6.40312433e+00 6.63324976e+00 6.70820379e+00
  7.28010988e+00 8.24621105e+00]
 [2.30400000e+03 1.46800000e+03 7.64000000e+02 4.28000000e+02
  3.19000000e+02 2.75000000e+02 2.28000000e+02 1.18000000e+02
  1.15000000e+02 1.13000000e+02 8.50000000e+01 8.00000000e+01
  4.50000000e+01 4.40000000e+01 4.30000000e+01 3.70000000e+01
  3.50000000e+01 3.20000000e+01 2.00000000e+01 1.70000000e+01
  1.60000000e+01 1.50000000e+01 1.40000000e+01 1.30000000e+01
  8.00000000e+00 6.00000000e+00 5.00000000e+00 4.00000000e+00
  3.00000000e+00 1.00000000e+00]]"
50,32426,"[[0.00000000e+00 2.00000000e+00 2.23606801e+00 2.82842708e+00
  3.00000000e+00 3.16227770e+00 3.46410155e+00 3.60555124e+00
  3.74165750e+00 4.00000000e+00 4.12310553e+00 4.24264050e+00
  4.47213602e+00 4.58257580e+00 4.69041586e+00 4.89897966e+00
  5.00000000e+00 5.09901953e+00 5.38516474e+00 5.65685415e+00
  5.74456263e+00 5.83095169e+00 6.08276272e+00 6.16441393e+00
  6.32455540e+00 6.40312433e+00 6.63324976e+00 6.70820379e+00
  7.28010988e+00 8.24621105e+00]
 [2.30400000e+03 1.46800000e+03 7.64000000e+02 4.28000000e+02
  3.19000000e+02 2.75000000e+02 2.28000000e+02 1.18000000e+02
  1.15000000e+02 1.13000000e+02 8.50000000e+01 8.00000000e+01
  4.50000000e+01 4.40000000e+01 4.30000000e+01 3.70000000e+01
  3.50000000e+01 3.20000000e+01 2.00000000e+01 1.70000000e+01
  1.60000000e+01 1.50000000e+01 1.40000000e+01 1.30000000e+01
  8.00000000e+00 6.00000000e+00 5.00000000e+00 4.00000000e+00
  3.00000000e+00 1.00000000e+00]]"
51,626,"[[0.00000000e+00 2.00000000e+00 2.23606801e+00 2.82842708e+00
  3.00000000e+00 3.16227770e+00 3.46410155e+00 3.60555124e+00
  3.74165750e+00 4.00000000e+00 4.12310553e+00 4.24264050e+00
  4.47213602e+00 4.58257580e+00 4.69041586e+00 4.89897966e+00
  5.00000000e+00 5.09901953e+00 5.38516474e+00 5.65685415e+00
  5.74456263e+00 5.83095169e+00 6.08276272e+00 6.16441393e+00
  6.32455540e+00 6.40312433e+00 6.63324976e+00 6.70820379e+00
  7.28010988e+00 8.24621105e+00]
 [2.30400000e+03 1.46800000e+03 7.64000000e+02 4.28000000e+02
  3.19000000e+02 2.75000000e+02 2.28000000e+02 1.18000000e+02
  1.15000000e+02 1.13000000e+02 8.50000000e+01 8.00000000e+01
  4.50000000e+01 4.40000000e+01 4.30000000e+01 3.70000000e+01
  3.50000000e+01 3.20000000e+01 2.00000000e+01 1.70000000e+01
  1.60000000e+01 1.50000000e+01 1.40000000e+01 1.30000000e+01
  8.00000000e+00 6.00000000e+00 5.00000000e+00 4.00000000e+00
  3.00000000e+00 1.00000000e+00]]"
52,33544,"[[0.00000000e+00 2.00000000e+00 2.23606801e+00 2.82842708e+00
  3.00000000e+00 3.16227770e+00 3.46410155e+00 3.60555124e+00
  3.74165750e+00 4.00000000e+00 4.12310553e+00 4.24264050e+00
  4.47213602e+00 4.58257580e+00 4.69041586e+00 4.89897966e+00
  5.00000000e+00 5.09901953e+00 5.38516474e+00 5.65685415e+00
  5.74456263e+00 5.83095169e+00 6.08276272e+00 6.16441393e+00
  6.32455540e+00 6.40312433e+00 6.63324976e+00 6.70820379e+00
  7.28010988e+00 8.24621105e+00]
 [2.30400000e+03 1.46800000e+03 7.64000000e+02 4.28000000e+02
  3.19000000e+02 2.75000000e+02 2.28000000e+02 1.18000000e+02
  1.15000000e+02 1.13000000e+02 8.50000000e+01 8.00000000e+01
  4.50000000e+01 4.40000000e+01 4.30000000e+01 3.70000000e+01
  3.50000000e+01 3.20000000e+01 2.00000000e+01 1.70000000e+01
  1.60000000e+01 1.50000000e+01 1.40000000e+01 1.30000000e+01
  8.00000000e+00 6.00000000e+00 5.00000000e+00 4.00000000e+00
  3.00000000e+00 1.00000000e+00]]"
53,25459,"[[0.00000000e+00 2.00000000e+00 2.23606801e+00 2.82842708e+00
  3.00000000e+00 3.16227770e+00 3.46410155e+00 3.60555124e+00
  3.74165750e+00 4.00000000e+00 4.12310553e+00 4.24264050e+00
  4.47213602e+00 4.58257580e+00 4.69041586e+00 4.89897966e+00
  5.00000000e+00 5.09901953e+00 5.38516474e+00 5.65685415e+00
  5.74456263e+00 5.83095169e+00 6.08276272e+00 6.16441393e+00
  6.32455540e+00 6.40312433e+00 6.63324976e+00 6.70820379e+00
  7.28010988e+00 8.24621105e+00]
 [2.30400000e+03 1.46800000e+03 7.64000000e+02 4.28000000e+02
  3.19000000e+02 2.75000000e+02 2.28000000e+02 1.18000000e+02
  1.15000000e+02 1.13000000e+02 8.50000000e+01 8.00000000e+01
  4.50000000e+01 4.40000000e+01 4.30000000e+01 3.70000000e+01
  3.50000000e+01 3.20000000e+01 2.00000000e+01 1.70000000e+01
  1.60000000e+01 1.50000000e+01 1.40000000e+01 1.30000000e+01
  8.00000000e+00 6.00000000e+00 5.00000000e+00 4.00000000e+00
  3.00000000e+00 1.00000000e+00]]"
54,2612,"[[0.00000000e+00 2.00000000e+00 2.23606801e+00 2.82842708e+00
  3.00000000e+00 3.16227770e+00 3.46410155e+00 3.60555124e+00
  3.74165750e+00 4.00000000e+00 4.12310553e+00 4.24264050e+00
  4.47213602e+00 4.58257580e+00 4.69041586e+00 4.89897966e+00
  5.00000000e+00 5.09901953e+00 5.38516474e+00 5.65685415e+00
  5.74456263e+00 5.83095169e+00 6.08276272e+00 6.16441393e+00
  6.32455540e+00 6.40312433e+00 6.63324976e+00 6.70820379e+00
  7.28010988e+00 8.24621105e+00]
 [2.30400000e+03 1.46800000e+03 7.64000000e+02 4.28000000e+02
  3.19000000e+02 2.75000000e+02 2.28000000e+02 1.18000000e+02
  1.15000000e+02 1.13000000e+02 8.50000000e+01 8.00000000e+01
  4.50000000e+01 4.40000000e+01 4.30000000e+01 3.70000000e+01
  3.50000000e+01 3.20000000e+01 2.00000000e+01 1.70000000e+01
  1.60000000e+01 1.50000000e+01 1.40000000e+01 1.30000000e+01
  8.00000000e+00 6.00000000e+00 5.00000000e+00 4.00000000e+00
  3.00000000e+00 1.00000000e+00]]"
55,11507,"[[0.00000000e+00 2.00000000e+00 2.23606801e+00 2.82842708e+00
  3.00000000e+00 3.16227770e+00 3.46410155e+00 3.60555124e+00
  3.74165750e+00 4.00000000e+00 4.12310553e+00 4.24264050e+00
  4.47213602e+00 4.58257580e+00 4.69041586e+00 4.89897966e+00
  5.00000000e+00 5.09901953e+00 5.38516474e+00 5.65685415e+00
  5.74456263e+00 5.83095169e+00 6.08276272e+00 6.16441393e+00
  6.32455540e+00 6.40312433e+00 6.63324976e+00 6.70820379e+00
  7.28010988e+00 8.24621105e+00]
 [2.30400000e+03 1.46800000e+03 7.64000000e+02 4.28000000e+02
  3.19000000e+02 2.75000000e+02 2.28000000e+02 1.18000000e+02
  1.15000000e+02 1.13000000e+02 8.50000000e+01 8.00000000e+01
  4.50000000e+01 4.40000000e+01 4.30000000e+01 3.70000000e+01
  3.50000000e+01 3.20000000e+01 2.00000000e+01 1.70000000e+01
  1.60000000e+01 1.50000000e+01 1.40000000e+01 1.30000000e+01
  8.00000000e+00 6.00000000e+00 5.00000000e+00 4.00000000e+00
  3.00000000e+00 1.00000000e+00]]"
56,25578,"[[0.00000000e+00 2.00000000e+00 2.23606801e+00 2.82842708e+00
  3.00000000e+00 3.16227770e+00 3.46410155e+00 3.60555124e+00
  3.74165750e+00 4.00000000e+00 4.12310553e+00 4.24264050e+00
  4.47213602e+00 4.58257580e+00 4.69041586e+00 4.89897966e+00
  5.00000000e+00 5.09901953e+00 5.38516474e+00 5.65685415e+00
  5.74456263e+00 5.83095169e+00 6.08276272e+00 6.16441393e+00
  6.32455540e+00 6.40312433e+00 6.63324976e+00 6.70820379e+00
  7.28010988e+00 8.24621105e+00]
 [2.30400000e+03 1.46800000e+03 7.64000000e+02 4.28000000e+02
  3.19000000e+02 2.75000000e+02 2.28000000e+02 1.18000000e+02
  1.15000000e+02 1.13000000e+02 8.50000000e+01 8.00000000e+01
  4.50000000e+01 4.40000000e+01 4.30000000e+01 3.70000000e+01
  3.50000000e+01 3.20000000e+01 2.00000000e+01 1.70000000e+01
  1.60000000e+01 1.50000000e+01 1.40000000e+01 1.30000000e+01
  8.00000000e+00 6.00000000e+00 5.00000000e+00 4.00000000e+00
  3.00000000e+00 1.00000000e+00]]"
57,33017,"[[0.00000000e+00 2.00000000e+00 2.23606801e+00 2.82842708e+00
  3.00000000e+00 3.16227770e+00 3.46410155e+00 3.60555124e+00
  3.74165750e+00 4.00000000e+00 4.12310553e+00 4.24264050e+00
  4.47213602e+00 4.58257580e+00 4.69041586e+00 4.89897966e+00
  5.00000000e+00 5.09901953e+00 5.38516474e+00 5.65685415e+00
  5.74456263e+00 5.83095169e+00 6.08276272e+00 6.16441393e+00
  6.32455540e+00 6.40312433e+00 6.63324976e+00 6.70820379e+00
  7.28010988e+00 8.24621105e+00]
 [2.30400000e+03 1.46800000e+03 7.64000000e+02 4.28000000e+02
  3.19000000e+02 2.75000000e+02 2.28000000e+02 1.18000000e+02
  1.15000000e+02 1.13000000e+02 8.50000000e+01 8.00000000e+01
  4.50000000e+01 4.40000000e+01 4.30000000e+01 3.70000000e+01
  3.50000000e+01 3.20000000e+01 2.00000000e+01 1.70000000e+01
  1.60000000e+01 1.50000000e+01 1.40000000e+01 1.30000000e+01
  8.00000000e+00 6.00000000e+00 5.00000000e+00 4.00000000e+00
  3.00000000e+00 1.00000000e+00]]"
58,14017,"[[0.00000000e+00 2.00000000e+00 2.23606801e+00 2.82842708e+00
  3.00000000e+00 3.16227770e+00 3.46410155e+00 3.60555124e+00
  3.74165750e+00 4.00000000e+00 4.12310553e+00 4.24264050e+00
  4.47213602e+00 4.58257580e+00 4.69041586e+00 4.89897966e+00
  5.00000000e+00 5.09901953e+00 5.38516474e+00 5.65685415e+00
  5.74456263e+00 5.83095169e+00 6.08276272e+00 6.16441393e+00
  6.32455540e+00 6.40312433e+00 6.63324976e+00 6.70820379e+00
  7.28010988e+00 8.24621105e+00]
 [2.30400000e+03 1.46800000e+03 7.64000000e+02 4.28000000e+02
  3.19000000e+02 2.75000000e+02 2.28000000e+02 1.18000000e+02
  1.15000000e+02 1.13000000e+02 8.50000000e+01 8.00000000e+01
  4.50000000e+01 4.40000000e+01 4.30000000e+01 3.70000000e+01
  3.50000000e+01 3.20000000e+01 2.00000000e+01 1.70000000e+01
  1.60000000e+01 1.50000000e+01 1.40000000e+01 1.30000000e+01
  8.00000000e+00 6.00000000e+00 5.00000000e+00 4.00000000e+00
  3.00000000e+00 1.00000000e+00]]"
59,31258,"[[0.00000000e+00 2.00000000e+00 2.23606801e+00 2.82842708e+00
  3.00000000e+00 3.16227770e+00 3.46410155e+00 3.60555124e+00
  3.74165750e+00 4.00000000e+00 4.12310553e+00 4.24264050e+00
  4.47213602e+00 4.58257580e+00 4.69041586e+00 4.89897966e+00
  5.00000000e+00 5.09901953e+00 5.38516474e+00 5.65685415e+00
  5.74456263e+00 5.83095169e+00 6.08276272e+00 6.16441393e+00
  6.32455540e+00 6.40312433e+00 6.63324976e+00 6.70820379e+00
  7.28010988e+00 8.24621105e+00]
 [2.30400000e+03 1.46800000e+03 7.64000000e+02 4.28000000e+02
  3.19000000e+02 2.75000000e+02 2.28000000e+02 1.18000000e+02
  1.15000000e+02 1.13000000e+02 8.50000000e+01 8.00000000e+01
  4.50000000e+01 4.40000000e+01 4.30000000e+01 3.70000000e+01
  3.50000000e+01 3.20000000e+01 2.00000000e+01 1.70000000e+01
  1.60000000e+01 1.50000000e+01 1.40000000e+01 1.30000000e+01
  8.00000000e+00 6.00000000e+00 5.00000000e+00 4.00000000e+00
  3.00000000e+00 1.00000000e+00]]"
60,5352,"[[0.00000000e+00 2.00000000e+00 2.23606801e+00 2.82842708e+00
  3.00000000e+00 3.16227770e+00 3.46410155e+00 3.60555124e+00
  3.74165750e+00 4.00000000e+00 4.12310553e+00 4.24264050e+00
  4.47213602e+00 4.58257580e+00 4.69041586e+00 4.89897966e+00
  5.00000000e+00 5.09901953e+00 5.38516474e+00 5.65685415e+00
  5.74456263e+00 5.83095169e+00 6.08276272e+00 6.16441393e+00
  6.32455540e+00 6.40312433e+00 6.63324976e+00 6.70820379e+00
  7.28010988e+00 8.24621105e+00]
 [2.30400000e+03 1.46800000e+03 7.64000000e+02 4.28000000e+02
  3.19000000e+02 2.75000000e+02 2.28000000e+02 1.18000000e+02
  1.15000000e+02 1.13000000e+02 8.50000000e+01 8.00000000e+01
  4.50000000e+01 4.40000000e+01 4.30000000e+01 3.70000000e+01
  3.50000000e+01 3.20000000e+01 2.00000000e+01 1.70000000e+01
  1.60000000e+01 1.50000000e+01 1.40000000e+01 1.30000000e+01
  8.00000000e+00 6.00000000e+00 5.00000000e+00 4.00000000e+00
  3.00000000e+00 1.00000000e+00]]"
61,20296,"[[0.00000000e+00 2.00000000e+00 2.23606801e+00 2.82842708e+00
  3.00000000e+00 3.16227770e+00 3.46410155e+00 3.60555124e+00
  3.74165750e+00 4.00000000e+00 4.12310553e+00 4.24264050e+00
  4.47213602e+00 4.58257580e+00 4.69041586e+00 4.89897966e+00
  5.00000000e+00 5.09901953e+00 5.38516474e+00 5.65685415e+00
  5.74456263e+00 5.83095169e+00 6.08276272e+00 6.16441393e+00
  6.32455540e+00 6.40312433e+00 6.63324976e+00 6.70820379e+00
  7.28010988e+00 8.24621105e+00]
 [2.30400000e+03 1.46800000e+03 7.64000000e+02 4.28000000e+02
  3.19000000e+02 2.75000000e+02 2.28000000e+02 1.18000000e+02
  1.15000000e+02 1.13000000e+02 8.50000000e+01 8.00000000e+01
  4.50000000e+01 4.40000000e+01 4.30000000e+01 3.70000000e+01
  3.50000000e+01 3.20000000e+01 2.00000000e+01 1.70000000e+01
  1.60000000e+01 1.50000000e+01 1.40000000e+01 1.30000000e+01
  8.00000000e+00 6.00000000e+00 5.00000000e+00 4.00000000e+00
  3.00000000e+00 1.00000000e+00]]"
62,30626,"[[0.00000000e+00 2.00000000e+00 2.23606801e+00 2.82842708e+00
  3.00000000e+00 3.16227770e+00 3.46410155e+00 3.60555124e+00
  3.74165750e+00 4.00000000e+00 4.12310553e+00 4.24264050e+00
  4.47213602e+00 4.58257580e+00 4.69041586e+00 4.89897966e+00
  5.00000000e+00 5.09901953e+00 5.38516474e+00 5.65685415e+00
  5.74456263e+00 5.83095169e+00 6.08276272e+00 6.16441393e+00
  6.32455540e+00 6.40312433e+00 6.63324976e+00 6.70820379e+00
  7.28010988e+00 8.24621105e+00]
 [2.30400000e+03 1.46800000e+03 7.64000000e+02 4.28000000e+02
  3.19000000e+02 2.75000000e+02 2.28000000e+02 1.18000000e+02
  1.15000000e+02 1.13000000e+02 8.50000000e+01 8.00000000e+01
  4.50000000e+01 4.40000000e+01 4.30000000e+01 3.70000000e+01
  3.50000000e+01 3.20000000e+01 2.00000000e+01 1.70000000e+01
  1.60000000e+01 1.50000000e+01 1.40000000e+01 1.30000000e+01
  8.00000000e+00 6.00000000e+00 5.00000000e+00 4.00000000e+00
  3.00000000e+00 1.00000000e+00]]"
63,4569,"[[0.00000000e+00 2.00000000e+00 2.23606801e+00 2.82842708e+00
  3.00000000e+00 3.16227770e+00 3.46410155e+00 3.60555124e+00
  3.74165750e+00 4.00000000e+00 4.12310553e+00 4.24264050e+00
  4.47213602e+00 4.58257580e+00 4.69041586e+00 4.89897966e+00
  5.00000000e+00 5.09901953e+00 5.38516474e+00 5.65685415e+00
  5.74456263e+00 5.83095169e+00 6.08276272e+00 6.16441393e+00
  6.32455540e+00 6.40312433e+00 6.63324976e+00 6.70820379e+00
  7.28010988e+00 8.24621105e+00]
 [2.30400000e+03 1.46800000e+03 7.64000000e+02 4.28000000e+02
  3.19000000e+02 2.75000000e+02 2.28000000e+02 1.18000000e+02
  1.15000000e+02 1.13000000e+02 8.50000000e+01 8.00000000e+01
  4.50000000e+01 4.40000000e+01 4.30000000e+01 3.70000000e+01
  3.50000000e+01 3.20000000e+01 2.00000000e+01 1.70000000e+01
  1.60000000e+01 1.50000000e+01 1.40000000e+01 1.30000000e+01
  8.00000000e+00 6.00000000e+00 5.00000000e+00 4.00000000e+00
  3.00000000e+00 1.00000000e+00]]"
64,32140,"[[0.00000000e+00 2.00000000e+00 2.23606801e+00 2.82842708e+00
  3.00000000e+00 3.16227770e+00 3.46410155e+00 3.60555124e+00
  3.74165750e+00 4.00000000e+00 4.12310553e+00 4.24264050e+00
  4.47213602e+00 4.58257580e+00 4.69041586e+00 4.89897966e+00
  5.00000000e+00 5.09901953e+00 5.38516474e+00 5.65685415e+00
  5.74456263e+00 5.83095169e+00 6.08276272e+00 6.16441393e+00
  6.32455540e+00 6.40312433e+00 6.63324976e+00 6.70820379e+00
  7.28010988e+00 8.24621105e+00]
 [2.30400000e+03 1.46800000e+03 7.64000000e+02 4.28000000e+02
  3.19000000e+02 2.75000000e+02 2.28000000e+02 1.18000000e+02
  1.15000000e+02 1.13000000e+02 8.50000000e+01 8.00000000e+01
  4.50000000e+01 4.40000000e+01 4.30000000e+01 3.70000000e+01
  3.50000000e+01 3.20000000e+01 2.00000000e+01 1.70000000e+01
  1.60000000e+01 1.50000000e+01 1.40000000e+01 1.30000000e+01
  8.00000000e+00 6.00000000e+00 5.00000000e+00 4.00000000e+00
  3.00000000e+00 1.00000000e+00]]"
65,14320,"[[0.00000000e+00 2.00000000e+00 2.23606801e+00 2.82842708e+00
  3.00000000e+00 3.16227770e+00 3.46410155e+00 3.60555124e+00
  3.74165750e+00 4.00000000e+00 4.12310553e+00 4.24264050e+00
  4.47213602e+00 4.58257580e+00 4.69041586e+00 4.89897966e+00
  5.00000000e+00 5.09901953e+00 5.38516474e+00 5.65685415e+00
  5.74456263e+00 5.83095169e+00 6.08276272e+00 6.16441393e+00
  6.32455540e+00 6.40312433e+00 6.63324976e+00 6.70820379e+00
  7.28010988e+00 8.24621105e+00]
 [2.30400000e+03 1.46800000e+03 7.64000000e+02 4.28000000e+02
  3.19000000e+02 2.75000000e+02 2.28000000e+02 1.18000000e+02
  1.15000000e+02 1.13000000e+02 8.50000000e+01 8.00000000e+01
  4.50000000e+01 4.40000000e+01 4.30000000e+01 3.70000000e+01
  3.50000000e+01 3.20000000e+01 2.00000000e+01 1.70000000e+01
  1.60000000e+01 1.50000000e+01 1.40000000e+01 1.30000000e+01
  8.00000000e+00 6.00000000e+00 5.00000000e+00 4.00000000e+00
  3.00000000e+00 1.00000000e+00]]"
66,8825,"[[0.00000000e+00 2.00000000e+00 2.23606801e+00 2.82842708e+00
  3.00000000e+00 3.16227770e+00 3.46410155e+00 3.60555124e+00
  3.74165750e+00 4.00000000e+00 4.12310553e+00 4.24264050e+00
  4.47213602e+00 4.58257580e+00 4.69041586e+00 4.89897966e+00
  5.00000000e+00 5.09901953e+00 5.38516474e+00 5.65685415e+00
  5.74456263e+00 5.83095169e+00 6.08276272e+00 6.16441393e+00
  6.32455540e+00 6.40312433e+00 6.63324976e+00 6.70820379e+00
  7.28010988e+00 8.24621105e+00]
 [2.30400000e+03 1.46800000e+03 7.64000000e+02 4.28000000e+02
  3.19000000e+02 2.75000000e+02 2.28000000e+02 1.18000000e+02
  1.15000000e+02 1.13000000e+02 8.50000000e+01 8.00000000e+01
  4.50000000e+01 4.40000000e+01 4.30000000e+01 3.70000000e+01
  3.50000000e+01 3.20000000e+01 2.00000000e+01 1.70000000e+01
  1.60000000e+01 1.50000000e+01 1.40000000e+01 1.30000000e+01
  8.00000000e+00 6.00000000e+00 5.00000000e+00 4.00000000e+00
  3.00000000e+00 1.00000000e+00]]"
67,4342,"[[0.00000000e+00 2.00000000e+00 2.23606801e+00 2.82842708e+00
  3.00000000e+00 3.16227770e+00 3.46410155e+00 3.60555124e+00
  3.74165750e+00 4.00000000e+00 4.12310553e+00 4.24264050e+00
  4.47213602e+00 4.58257580e+00 4.69041586e+00 4.89897966e+00
  5.00000000e+00 5.09901953e+00 5.38516474e+00 5.65685415e+00
  5.74456263e+00 5.83095169e+00 6.08276272e+00 6.16441393e+00
  6.32455540e+00 6.40312433e+00 6.63324976e+00 6.70820379e+00
  7.28010988e+00 8.24621105e+00]
 [2.30400000e+03 1.46800000e+03 7.64000000e+02 4.28000000e+02
  3.19000000e+02 2.75000000e+02 2.28000000e+02 1.18000000e+02
  1.15000000e+02 1.13000000e+02 8.50000000e+01 8.00000000e+01
  4.50000000e+01 4.40000000e+01 4.30000000e+01 3.70000000e+01
  3.50000000e+01 3.20000000e+01 2.00000000e+01 1.70000000e+01
  1.60000000e+01 1.50000000e+01 1.40000000e+01 1.30000000e+01
  8.00000000e+00 6.00000000e+00 5.00000000e+00 4.00000000e+00
  3.00000000e+00 1.00000000e+00]]"
68,11019,"[[0.00000000e+00 2.00000000e+00 2.23606801e+00 2.82842708e+00
  3.00000000e+00 3.16227770e+00 3.46410155e+00 3.60555124e+00
  3.74165750e+00 4.00000000e+00 4.12310553e+00 4.24264050e+00
  4.47213602e+00 4.58257580e+00 4.69041586e+00 4.89897966e+00
  5.00000000e+00 5.09901953e+00 5.38516474e+00 5.65685415e+00
  5.74456263e+00 5.83095169e+00 6.08276272e+00 6.16441393e+00
  6.32455540e+00 6.40312433e+00 6.63324976e+00 6.70820379e+00
  7.28010988e+00 8.24621105e+00]
 [2.30400000e+03 1.46800000e+03 7.64000000e+02 4.28000000e+02
  3.19000000e+02 2.75000000e+02 2.28000000e+02 1.18000000e+02
  1.15000000e+02 1.13000000e+02 8.50000000e+01 8.00000000e+01
  4.50000000e+01 4.40000000e+01 4.30000000e+01 3.70000000e+01
  3.50000000e+01 3.20000000e+01 2.00000000e+01 1.70000000e+01
  1.60000000e+01 1.50000000e+01 1.40000000e+01 1.30000000e+01
  8.00000000e+00 6.00000000e+00 5.00000000e+00 4.00000000e+00
  3.00000000e+00 1.00000000e+00]]"
69,34007,"[[0.00000000e+00 2.00000000e+00 2.23606801e+00 2.82842708e+00
  3.00000000e+00 3.16227770e+00 3.46410155e+00 3.60555124e+00
  3.74165750e+00 4.00000000e+00 4.12310553e+00 4.24264050e+00
  4.47213602e+00 4.58257580e+00 4.69041586e+00 4.89897966e+00
  5.00000000e+00 5.09901953e+00 5.38516474e+00 5.65685415e+00
  5.74456263e+00 5.83095169e+00 6.08276272e+00 6.16441393e+00
  6.32455540e+00 6.40312433e+00 6.63324976e+00 6.70820379e+00
  7.28010988e+00 8.24621105e+00]
 [2.30400000e+03 1.46800000e+03 7.64000000e+02 4.28000000e+02
  3.19000000e+02 2.75000000e+02 2.28000000e+02 1.18000000e+02
  1.15000000e+02 1.13000000e+02 8.50000000e+01 8.00000000e+01
  4.50000000e+01 4.40000000e+01 4.30000000e+01 3.70000000e+01
  3.50000000e+01 3.20000000e+01 2.00000000e+01 1.70000000e+01
  1.60000000e+01 1.50000000e+01 1.40000000e+01 1.30000000e+01
  8.00000000e+00 6.00000000e+00 5.00000000e+00 4.00000000e+00
  3.00000000e+00 1.00000000e+00]]"
70,25996,"[[0.00000000e+00 2.00000000e+00 2.23606801e+00 2.82842708e+00
  3.00000000e+00 3.16227770e+00 3.46410155e+00 3.60555124e+00
  3.74165750e+00 4.00000000e+00 4.12310553e+00 4.24264050e+00
  4.47213602e+00 4.58257580e+00 4.69041586e+00 4.89897966e+00
  5.00000000e+00 5.09901953e+00 5.38516474e+00 5.65685415e+00
  5.74456263e+00 5.83095169e+00 6.08276272e+00 6.16441393e+00
  6.32455540e+00 6.40312433e+00 6.63324976e+00 6.70820379e+00
  7.28010988e+00 8.24621105e+00]
 [2.30400000e+03 1.46800000e+03 7.64000000e+02 4.28000000e+02
  3.19000000e+02 2.75000000e+02 2.28000000e+02 1.18000000e+02
  1.15000000e+02 1.13000000e+02 8.50000000e+01 8.00000000e+01
  4.50000000e+01 4.40000000e+01 4.30000000e+01 3.70000000e+01
  3.50000000e+01 3.20000000e+01 2.00000000e+01 1.70000000e+01
  1.60000000e+01 1.50000000e+01 1.40000000e+01 1.30000000e+01
  8.00000000e+00 6.00000000e+00 5.00000000e+00 4.00000000e+00
  3.00000000e+00 1.00000000e+00]]"
71,30604,"[[0.00000000e+00 2.00000000e+00 2.23606801e+00 2.82842708e+00
  3.00000000e+00 3.16227770e+00 3.46410155e+00 3.60555124e+00
  3.74165750e+00 4.00000000e+00 4.12310553e+00 4.24264050e+00
  4.47213602e+00 4.58257580e+00 4.69041586e+00 4.89897966e+00
  5.00000000e+00 5.09901953e+00 5.38516474e+00 5.65685415e+00
  5.74456263e+00 5.83095169e+00 6.08276272e+00 6.16441393e+00
  6.32455540e+00 6.40312433e+00 6.63324976e+00 6.70820379e+00
  7.28010988e+00 8.24621105e+00]
 [2.30400000e+03 1.46800000e+03 7.64000000e+02 4.28000000e+02
  3.19000000e+02 2.75000000e+02 2.28000000e+02 1.18000000e+02
  1.15000000e+02 1.13000000e+02 8.50000000e+01 8.00000000e+01
  4.50000000e+01 4.40000000e+01 4.30000000e+01 3.70000000e+01
  3.50000000e+01 3.20000000e+01 2.00000000e+01 1.70000000e+01
  1.60000000e+01 1.50000000e+01 1.40000000e+01 1.30000000e+01
  8.00000000e+00 6.00000000e+00 5.00000000e+00 4.00000000e+00
  3.00000000e+00 1.00000000e+00]]"
72,28415,"[[0.00000000e+00 2.00000000e+00 2.23606801e+00 2.82842708e+00
  3.00000000e+00 3.16227770e+00 3.46410155e+00 3.60555124e+00
  3.74165750e+00 4.00000000e+00 4.12310553e+00 4.24264050e+00
  4.47213602e+00 4.58257580e+00 4.69041586e+00 4.89897966e+00
  5.00000000e+00 5.09901953e+00 5.38516474e+00 5.65685415e+00
  5.74456263e+00 5.83095169e+00 6.08276272e+00 6.16441393e+00
  6.32455540e+00 6.40312433e+00 6.63324976e+00 6.70820379e+00
  7.28010988e+00 8.24621105e+00]
 [2.30400000e+03 1.46800000e+03 7.64000000e+02 4.28000000e+02
  3.19000000e+02 2.75000000e+02 2.28000000e+02 1.18000000e+02
  1.15000000e+02 1.13000000e+02 8.50000000e+01 8.00000000e+01
  4.50000000e+01 4.40000000e+01 4.30000000e+01 3.70000000e+01
  3.50000000e+01 3.20000000e+01 2.00000000e+01 1.70000000e+01
  1.60000000e+01 1.50000000e+01 1.40000000e+01 1.30000000e+01
  8.00000000e+00 6.00000000e+00 5.00000000e+00 4.00000000e+00
  3.00000000e+00 1.00000000e+00]]"
73,24322,"[[0.00000000e+00 2.00000000e+00 2.23606801e+00 2.82842708e+00
  3.00000000e+00 3.16227770e+00 3.46410155e+00 3.60555124e+00
  3.74165750e+00 4.00000000e+00 4.12310553e+00 4.24264050e+00
  4.47213602e+00 4.58257580e+00 4.69041586e+00 4.89897966e+00
  5.00000000e+00 5.09901953e+00 5.38516474e+00 5.65685415e+00
  5.74456263e+00 5.83095169e+00 6.08276272e+00 6.16441393e+00
  6.32455540e+00 6.40312433e+00 6.63324976e+00 6.70820379e+00
  7.28010988e+00 8.24621105e+00]
 [2.30400000e+03 1.46800000e+03 7.64000000e+02 4.28000000e+02
  3.19000000e+02 2.75000000e+02 2.28000000e+02 1.18000000e+02
  1.15000000e+02 1.13000000e+02 8.50000000e+01 8.00000000e+01
  4.50000000e+01 4.40000000e+01 4.30000000e+01 3.70000000e+01
  3.50000000e+01 3.20000000e+01 2.00000000e+01 1.70000000e+01
  1.60000000e+01 1.50000000e+01 1.40000000e+01 1.30000000e+01
  8.00000000e+00 6.00000000e+00 5.00000000e+00 4.00000000e+00
  3.00000000e+00 1.00000000e+00]]"
74,13410,"[[0.00000000e+00 2.00000000e+00 2.23606801e+00 2.82842708e+00
  3.00000000e+00 3.16227770e+00 3.46410155e+00 3.60555124e+00
  3.74165750e+00 4.00000000e+00 4.12310553e+00 4.24264050e+00
  4.47213602e+00 4.58257580e+00 4.69041586e+00 4.89897966e+00
  5.00000000e+00 5.09901953e+00 5.38516474e+00 5.65685415e+00
  5.74456263e+00 5.83095169e+00 6.08276272e+00 6.16441393e+00
  6.32455540e+00 6.40312433e+00 6.63324976e+00 6.70820379e+00
  7.28010988e+00 8.24621105e+00]
 [2.30400000e+03 1.46800000e+03 7.64000000e+02 4.28000000e+02
  3.19000000e+02 2.75000000e+02 2.28000000e+02 1.18000000e+02
  1.15000000e+02 1.13000000e+02 8.50000000e+01 8.00000000e+01
  4.50000000e+01 4.40000000e+01 4.30000000e+01 3.70000000e+01
  3.50000000e+01 3.20000000e+01 2.00000000e+01 1.70000000e+01
  1.60000000e+01 1.50000000e+01 1.40000000e+01 1.30000000e+01
  8.00000000e+00 6.00000000e+00 5.00000000e+00 4.00000000e+00
  3.00000000e+00 1.00000000e+00]]"
75,2045,"[[0.00000000e+00 2.00000000e+00 2.23606801e+00 2.82842708e+00
  3.00000000e+00 3.16227770e+00 3.46410155e+00 3.60555124e+00
  3.74165750e+00 4.00000000e+00 4.12310553e+00 4.24264050e+00
  4.47213602e+00 4.58257580e+00 4.69041586e+00 4.89897966e+00
  5.00000000e+00 5.09901953e+00 5.38516474e+00 5.65685415e+00
  5.74456263e+00 5.83095169e+00 6.08276272e+00 6.16441393e+00
  6.32455540e+00 6.40312433e+00 6.63324976e+00 6.70820379e+00
  7.28010988e+00 8.24621105e+00]
 [2.30400000e+03 1.46800000e+03 7.64000000e+02 4.28000000e+02
  3.19000000e+02 2.75000000e+02 2.28000000e+02 1.18000000e+02
  1.15000000e+02 1.13000000e+02 8.50000000e+01 8.00000000e+01
  4.50000000e+01 4.40000000e+01 4.30000000e+01 3.70000000e+01
  3.50000000e+01 3.20000000e+01 2.00000000e+01 1.70000000e+01
  1.60000000e+01 1.50000000e+01 1.40000000e+01 1.30000000e+01
  8.00000000e+00 6.00000000e+00 5.00000000e+00 4.00000000e+00
  3.00000000e+00 1.00000000e+00]]"
76,21015,"[[0.00000000e+00 2.00000000e+00 2.23606801e+00 2.82842708e+00
  3.00000000e+00 3.16227770e+00 3.46410155e+00 3.60555124e+00
  3.74165750e+00 4.00000000e+00 4.12310553e+00 4.24264050e+00
  4.47213602e+00 4.58257580e+00 4.69041586e+00 4.89897966e+00
  5.00000000e+00 5.09901953e+00 5.38516474e+00 5.65685415e+00
  5.74456263e+00 5.83095169e+00 6.08276272e+00 6.16441393e+00
  6.32455540e+00 6.40312433e+00 6.63324976e+00 6.70820379e+00
  7.28010988e+00 8.24621105e+00]
 [2.30400000e+03 1.46800000e+03 7.64000000e+02 4.28000000e+02
  3.19000000e+02 2.75000000e+02 2.28000000e+02 1.18000000e+02
  1.15000000e+02 1.13000000e+02 8.50000000e+01 8.00000000e+01
  4.50000000e+01 4.40000000e+01 4.30000000e+01 3.70000000e+01
  3.50000000e+01 3.20000000e+01 2.00000000e+01 1.70000000e+01
  1.60000000e+01 1.50000000e+01 1.40000000e+01 1.30000000e+01
  8.00000000e+00 6.00000000e+00 5.00000000e+00 4.00000000e+00
  3.00000000e+00 1.00000000e+00]]"
77,4838,"[[0.00000000e+00 2.00000000e+00 2.23606801e+00 2.82842708e+00
  3.00000000e+00 3.16227770e+00 3.46410155e+00 3.60555124e+00
  3.74165750e+00 4.00000000e+00 4.12310553e+00 4.24264050e+00
  4.47213602e+00 4.58257580e+00 4.69041586e+00 4.89897966e+00
  5.00000000e+00 5.09901953e+00 5.38516474e+00 5.65685415e+00
  5.74456263e+00 5.83095169e+00 6.08276272e+00 6.16441393e+00
  6.32455540e+00 6.40312433e+00 6.63324976e+00 6.70820379e+00
  7.28010988e+00 8.24621105e+00]
 [2.30400000e+03 1.46800000e+03 7.64000000e+02 4.28000000e+02
  3.19000000e+02 2.75000000e+02 2.28000000e+02 1.18000000e+02
  1.15000000e+02 1.13000000e+02 8.50000000e+01 8.00000000e+01
  4.50000000e+01 4.40000000e+01 4.30000000e+01 3.70000000e+01
  3.50000000e+01 3.20000000e+01 2.00000000e+01 1.70000000e+01
  1.60000000e+01 1.50000000e+01 1.40000000e+01 1.30000000e+01
  8.00000000e+00 6.00000000e+00 5.00000000e+00 4.00000000e+00
  3.00000000e+00 1.00000000e+00]]"
78,5685,"[[0.00000000e+00 2.00000000e+00 2.23606801e+00 2.82842708e+00
  3.00000000e+00 3.16227770e+00 3.46410155e+00 3.60555124e+00
  3.74165750e+00 4.00000000e+00 4.12310553e+00 4.24264050e+00
  4.47213602e+00 4.58257580e+00 4.69041586e+00 4.89897966e+00
  5.00000000e+00 5.09901953e+00 5.38516474e+00 5.65685415e+00
  5.74456263e+00 5.83095169e+00 6.08276272e+00 6.16441393e+00
  6.32455540e+00 6.40312433e+00 6.63324976e+00 6.70820379e+00
  7.28010988e+00 8.24621105e+00]
 [2.30400000e+03 1.46800000e+03 7.64000000e+02 4.28000000e+02
  3.19000000e+02 2.75000000e+02 2.28000000e+02 1.18000000e+02
  1.15000000e+02 1.13000000e+02 8.50000000e+01 8.00000000e+01
  4.50000000e+01 4.40000000e+01 4.30000000e+01 3.70000000e+01
  3.50000000e+01 3.20000000e+01 2.00000000e+01 1.70000000e+01
  1.60000000e+01 1.50000000e+01 1.40000000e+01 1.30000000e+01
  8.00000000e+00 6.00000000e+00 5.00000000e+00 4.00000000e+00
  3.00000000e+00 1.00000000e+00]]"
79,24317,"[[0.00000000e+00 2.00000000e+00 2.23606801e+00 2.82842708e+00
  3.00000000e+00 3.16227770e+00 3.46410155e+00 3.60555124e+00
  3.74165750e+00 4.00000000e+00 4.12310553e+00 4.24264050e+00
  4.47213602e+00 4.58257580e+00 4.69041586e+00 4.89897966e+00
  5.00000000e+00 5.09901953e+00 5.38516474e+00 5.65685415e+00
  5.74456263e+00 5.83095169e+00 6.08276272e+00 6.16441393e+00
  6.32455540e+00 6.40312433e+00 6.63324976e+00 6.70820379e+00
  7.28010988e+00 8.24621105e+00]
 [2.30400000e+03 1.46800000e+03 7.64000000e+02 4.28000000e+02
  3.19000000e+02 2.75000000e+02 2.28000000e+02 1.18000000e+02
  1.15000000e+02 1.13000000e+02 8.50000000e+01 8.00000000e+01
  4.50000000e+01 4.40000000e+01 4.30000000e+01 3.70000000e+01
  3.50000000e+01 3.20000000e+01 2.00000000e+01 1.70000000e+01
  1.60000000e+01 1.50000000e+01 1.40000000e+01 1.30000000e+01
  8.00000000e+00 6.00000000e+00 5.00000000e+00 4.00000000e+00
  3.00000000e+00 1.00000000e+00]]"
