,old index,content 1,content 2
0,20560,"[0.         2.         2.23606801 2.82842708 3.         3.1622777
 3.46410155 3.60555124 3.7416575  4.         4.12310553 4.2426405
 4.47213602 4.5825758  4.69041586 4.89897966 5.         5.09901953
 5.19615221 5.38516474 5.47722578 5.65685415 5.74456263 5.83095169
 6.         6.08276272 6.16441393 6.3245554  6.40312433 6.55743837
 6.63324976 6.70820379 6.78233004 7.         7.07106781 7.28010988
 7.48331499 7.54983425 7.81024981 7.8740077  8.06225777 8.24621105
 8.36660004 8.48528099 9.        ]","[2.304e+03 1.580e+03 9.100e+02 6.260e+02 5.150e+02 4.730e+02 4.220e+02
 2.990e+02 2.930e+02 2.880e+02 2.550e+02 2.470e+02 1.890e+02 1.730e+02
 1.710e+02 1.440e+02 1.320e+02 1.260e+02 1.250e+02 8.500e+01 8.200e+01
 7.900e+01 7.200e+01 6.700e+01 5.900e+01 5.600e+01 5.000e+01 3.900e+01
 3.400e+01 3.300e+01 3.000e+01 2.500e+01 2.400e+01 2.200e+01 2.000e+01
 1.400e+01 1.300e+01 1.100e+01 1.000e+01 9.000e+00 7.000e+00 5.000e+00
 3.000e+00 2.000e+00 1.000e+00]"
1,19029,"[0.         2.         2.23606801 2.82842708 3.         3.1622777
 3.46410155 3.60555124 3.7416575  4.         4.12310553 4.2426405
 4.35889912 4.47213602 4.5825758  4.69041586 4.89897966 5.
 5.09901953 5.19615221 5.38516474 5.74456263 5.83095169 6.
 6.16441393 6.3245554  6.40312433 6.63324976 6.70820379 7.21110249
 7.28010988 7.34846926 7.54983425 7.81024981 8.06225777 8.24621105
 8.30662346 9.1651516  9.43398094]","[2.304e+03 1.597e+03 8.630e+02 5.190e+02 3.920e+02 3.490e+02 2.670e+02
 1.670e+02 1.600e+02 1.550e+02 1.200e+02 1.160e+02 1.150e+02 8.500e+01
 7.800e+01 6.800e+01 5.900e+01 5.400e+01 5.300e+01 5.200e+01 3.500e+01
 2.800e+01 2.600e+01 2.300e+01 2.000e+01 1.900e+01 1.700e+01 1.600e+01
 1.400e+01 1.300e+01 1.200e+01 1.000e+01 8.000e+00 7.000e+00 6.000e+00
 5.000e+00 4.000e+00 2.000e+00 1.000e+00]"
2,12757,"[0.         2.         2.23606801 2.82842708 3.         3.1622777
 3.46410155 3.60555124 3.7416575  4.         4.12310553 4.2426405
 4.47213602 4.5825758  4.69041586 4.89897966 5.         5.19615221
 5.38516474 5.47722578 5.65685415 5.74456263 5.83095169 6.
 6.3245554  6.63324976 6.70820379 8.06225777 8.1240387  9.21954441]","[2.304e+03 1.569e+03 8.350e+02 4.910e+02 3.630e+02 3.210e+02 2.630e+02
 1.670e+02 1.650e+02 1.610e+02 1.150e+02 1.050e+02 6.800e+01 6.300e+01
 6.100e+01 4.600e+01 3.800e+01 3.700e+01 2.300e+01 2.200e+01 2.100e+01
 1.500e+01 1.400e+01 1.100e+01 7.000e+00 5.000e+00 4.000e+00 3.000e+00
 2.000e+00 1.000e+00]"
3,21100,"[ 0.          2.          2.23606801  2.82842708  3.          3.1622777
  3.46410155  3.60555124  3.7416575   4.          4.12310553  4.2426405
  4.47213602  4.5825758   4.69041586  4.89897966  5.          5.09901953
  5.38516474  5.47722578  5.65685415  5.74456263  5.83095169  5.91608
  6.          6.08276272  6.16441393  6.3245554   6.40312433  6.63324976
  6.70820379  6.92820311  7.          7.07106781  7.28010988  7.48331499
  7.81024981  8.06225777  8.24621105  8.48528099  8.60232544  9.21954441
  9.2736187   9.48683262 10.67707825 11.40175438 12.64911079 15.13274574
 16.12451553]","[2.304e+03 1.849e+03 1.207e+03 7.960e+02 6.750e+02 6.420e+02 5.740e+02
 4.250e+02 4.110e+02 4.030e+02 3.170e+02 3.010e+02 2.290e+02 2.000e+02
 1.960e+02 1.550e+02 1.350e+02 1.270e+02 7.900e+01 7.700e+01 7.300e+01
 6.300e+01 6.100e+01 6.000e+01 5.000e+01 4.800e+01 4.700e+01 3.800e+01
 3.300e+01 2.600e+01 2.200e+01 2.100e+01 1.900e+01 1.800e+01 1.600e+01
 1.400e+01 1.300e+01 1.200e+01 1.100e+01 1.000e+01 9.000e+00 8.000e+00
 7.000e+00 6.000e+00 5.000e+00 4.000e+00 3.000e+00 2.000e+00 1.000e+00]"
4,22241,"[0.         2.         2.23606801 2.82842708 3.         3.1622777
 3.46410155 3.60555124 3.7416575  4.         4.12310553 4.2426405
 4.35889912 4.47213602 4.5825758  4.69041586 4.89897966 5.
 5.09901953 5.38516474 5.65685415 5.74456263 5.83095169 6.
 6.16441393 6.3245554  6.40312433 7.21110249 7.28010988 8.18535233
 8.24621105 9.84885788]","[2.304e+03 1.426e+03 7.530e+02 4.450e+02 3.420e+02 3.050e+02 2.500e+02
 1.560e+02 1.450e+02 1.440e+02 1.010e+02 1.000e+02 9.900e+01 6.200e+01
 5.700e+01 5.300e+01 3.800e+01 3.300e+01 3.100e+01 1.700e+01 1.400e+01
 1.200e+01 1.100e+01 1.000e+01 9.000e+00 8.000e+00 6.000e+00 5.000e+00
 4.000e+00 3.000e+00 2.000e+00 1.000e+00]"
5,22765,"[ 0.          2.          2.23606801  2.82842708  3.          3.1622777
  3.46410155  3.60555124  3.7416575   4.          4.12310553  4.2426405
  4.35889912  4.47213602  4.5825758   4.69041586  4.89897966  5.
  5.09901953  5.19615221  5.38516474  5.65685415  5.74456263  5.83095169
  6.          6.08276272  6.16441393  6.3245554   6.40312433  6.63324976
  6.70820379  6.92820311  7.07106781  7.21110249  7.28010988  7.34846926
  7.48331499  7.54983425  7.8740077   8.          8.06225777  8.48528099
  8.54400349  8.60232544  8.71779823  8.77496433  9.21954441  9.43398094
 10.04987526 10.77032948 11.57583714]","[2.304e+03 1.877e+03 1.333e+03 9.320e+02 7.690e+02 7.030e+02 6.030e+02
 4.250e+02 4.120e+02 3.990e+02 3.070e+02 2.850e+02 2.840e+02 2.080e+02
 1.910e+02 1.870e+02 1.460e+02 1.340e+02 1.330e+02 1.320e+02 9.600e+01
 8.700e+01 7.600e+01 7.100e+01 6.300e+01 6.200e+01 5.900e+01 4.900e+01
 4.100e+01 4.000e+01 3.700e+01 3.600e+01 3.400e+01 3.100e+01 2.300e+01
 2.100e+01 1.800e+01 1.700e+01 1.500e+01 1.400e+01 1.300e+01 1.100e+01
 1.000e+01 9.000e+00 8.000e+00 7.000e+00 5.000e+00 4.000e+00 3.000e+00
 2.000e+00 1.000e+00]"
6,7081,"[0.         2.         2.23606801 2.82842708 3.         3.1622777
 3.46410155 3.60555124 3.7416575  4.         4.12310553 4.2426405
 4.35889912 4.47213602 4.5825758  4.69041586 4.89897966 5.
 5.09901953 5.38516474 5.47722578 5.65685415 5.74456263 5.83095169
 6.         6.16441393 6.3245554  6.40312433 6.63324976 6.70820379
 7.         7.21110249 7.28010988 7.6157732  7.81024981 8.06225777
 8.24621105 8.48528099 9.38083172 9.43398094]","[2.304e+03 1.888e+03 1.389e+03 9.430e+02 8.010e+02 7.380e+02 6.490e+02
 4.410e+02 4.260e+02 4.110e+02 2.950e+02 2.760e+02 2.750e+02 1.910e+02
 1.700e+02 1.650e+02 1.230e+02 1.100e+02 1.090e+02 7.600e+01 7.100e+01
 6.700e+01 5.300e+01 4.900e+01 4.000e+01 3.800e+01 2.100e+01 1.800e+01
 1.700e+01 1.400e+01 1.300e+01 1.200e+01 9.000e+00 8.000e+00 7.000e+00
 6.000e+00 5.000e+00 3.000e+00 2.000e+00 1.000e+00]"
7,25963,"[ 0.          2.          2.23606801  2.82842708  3.          3.1622777
  3.46410155  3.60555124  3.7416575   4.          4.12310553  4.2426405
  4.35889912  4.47213602  4.5825758   4.69041586  4.89897966  5.
  5.09901953  5.19615221  5.38516474  5.47722578  5.65685415  5.74456263
  5.83095169  6.          6.16441393  6.3245554   6.40312433  6.63324976
  6.70820379  7.07106781  7.21110249  7.28010988  7.48331499  8.24621105
  8.30662346  8.36660004  8.54400349  8.71779823  8.94427204  9.84885788
 10.19803905 10.63014603 11.18033981]","[2.304e+03 1.773e+03 1.032e+03 6.350e+02 5.210e+02 4.620e+02 4.040e+02
 2.670e+02 2.570e+02 2.500e+02 1.810e+02 1.740e+02 1.730e+02 1.190e+02
 1.040e+02 1.000e+02 8.200e+01 7.500e+01 7.300e+01 7.200e+01 4.600e+01
 4.500e+01 4.300e+01 3.800e+01 3.600e+01 3.400e+01 3.300e+01 2.600e+01
 2.300e+01 2.200e+01 1.900e+01 1.800e+01 1.600e+01 1.300e+01 1.100e+01
 1.000e+01 9.000e+00 8.000e+00 7.000e+00 6.000e+00 5.000e+00 4.000e+00
 3.000e+00 2.000e+00 1.000e+00]"
8,17279,"[0.         2.         2.23606801 2.82842708 3.         3.1622777
 3.46410155 3.60555124 3.7416575  4.         4.12310553 4.2426405
 4.47213602 4.5825758  4.69041586 4.89897966 5.         5.19615221
 5.38516474 5.47722578 5.65685415 5.74456263 5.83095169 6.
 6.16441393 6.3245554  6.40312433 6.63324976 6.70820379 7.
 7.07106781 7.21110249 7.28010988 7.54983425 7.6157732  8.24621105
 8.48528099 8.60232544 9.21954441 9.48683262]","[2.304e+03 1.757e+03 1.106e+03 6.780e+02 5.570e+02 5.000e+02 4.230e+02
 2.750e+02 2.640e+02 2.570e+02 1.960e+02 1.870e+02 1.220e+02 1.080e+02
 1.010e+02 8.400e+01 7.300e+01 7.200e+01 4.600e+01 4.500e+01 4.300e+01
 3.900e+01 3.700e+01 3.200e+01 2.900e+01 2.200e+01 1.900e+01 1.700e+01
 1.500e+01 1.300e+01 1.200e+01 1.100e+01 1.000e+01 7.000e+00 6.000e+00
 5.000e+00 4.000e+00 3.000e+00 2.000e+00 1.000e+00]"
9,23364,"[0.         2.         2.23606801 2.82842708 3.         3.1622777
 3.46410155 3.60555124 3.7416575  4.         4.12310553 4.2426405
 4.35889912 4.47213602 4.5825758  4.69041586 4.89897966 5.
 5.09901953 5.38516474 5.47722578 5.65685415 5.83095169 6.
 6.3245554 ]","[2.304e+03 1.376e+03 6.890e+02 4.060e+02 2.790e+02 2.490e+02 1.980e+02
 9.800e+01 9.000e+01 8.600e+01 5.300e+01 5.100e+01 5.000e+01 2.900e+01
 2.400e+01 2.300e+01 1.700e+01 1.400e+01 1.300e+01 7.000e+00 6.000e+00
 5.000e+00 4.000e+00 2.000e+00 1.000e+00]"
10,17285,"[ 0.          2.          2.23606801  2.82842708  3.          3.1622777
  3.46410155  3.60555124  3.7416575   4.          4.12310553  4.2426405
  4.35889912  4.47213602  4.5825758   4.69041586  4.89897966  5.
  5.09901953  5.38516474  5.47722578  5.65685415  5.74456263  5.83095169
  6.          6.08276272  6.16441393  6.3245554   6.40312433  6.48074055
  6.63324976  6.70820379  7.          7.07106781  7.21110249  7.28010988
  7.34846926  7.48331499  7.54983425  7.8740077   8.06225777  8.24621105
  8.71779823  8.83176041  8.94427204  9.21954441  9.43398094  9.64365101
 10.44030666 10.81665421 11.3578167 ]","[2.304e+03 1.897e+03 1.336e+03 8.850e+02 7.260e+02 6.770e+02 5.790e+02
 4.110e+02 3.880e+02 3.770e+02 2.860e+02 2.720e+02 2.710e+02 1.930e+02
 1.780e+02 1.660e+02 1.330e+02 1.250e+02 1.200e+02 8.900e+01 8.700e+01
 7.900e+01 7.300e+01 7.100e+01 6.600e+01 6.500e+01 6.000e+01 4.600e+01
 4.300e+01 4.100e+01 3.800e+01 3.500e+01 3.100e+01 3.000e+01 2.800e+01
 2.700e+01 2.400e+01 2.000e+01 1.700e+01 1.600e+01 1.300e+01 1.200e+01
 1.000e+01 8.000e+00 7.000e+00 6.000e+00 5.000e+00 4.000e+00 3.000e+00
 2.000e+00 1.000e+00]"
11,15307,"[ 0.          2.          2.23606801  2.82842708  3.          3.1622777
  3.46410155  3.60555124  3.7416575   4.          4.12310553  4.2426405
  4.35889912  4.47213602  4.5825758   4.69041586  4.89897966  5.
  5.09901953  5.38516474  5.74456263  6.          6.08276272  6.16441393
  6.3245554   6.40312433  6.55743837  6.70820379  6.92820311  7.28010988
  7.34846926 10.2469511 ]","[2.304e+03 1.698e+03 9.990e+02 5.700e+02 4.370e+02 3.790e+02 3.110e+02
 1.730e+02 1.600e+02 1.560e+02 1.190e+02 1.120e+02 1.110e+02 7.300e+01
 6.100e+01 5.700e+01 3.700e+01 3.500e+01 3.400e+01 1.600e+01 1.400e+01
 1.100e+01 1.000e+01 9.000e+00 8.000e+00 7.000e+00 6.000e+00 5.000e+00
 4.000e+00 3.000e+00 2.000e+00 1.000e+00]"
12,12660,"[ 0.          2.          2.23606801  2.82842708  3.          3.1622777
  3.46410155  3.60555124  3.7416575   4.          4.12310553  4.2426405
  4.35889912  4.47213602  4.5825758   4.69041586  4.89897966  5.
  5.09901953  5.38516474  5.47722578  5.65685415  5.74456263  6.
  6.08276272  6.16441393  6.3245554   6.40312433  6.63324976  6.70820379
  7.          7.28010988  7.48331499  7.54983425  7.6157732   8.24621105
  8.48528099  9.43398094 10.04987526 17.14642906]","[2.304e+03 1.513e+03 8.860e+02 5.750e+02 4.590e+02 4.210e+02 3.500e+02
 2.400e+02 2.260e+02 2.210e+02 1.640e+02 1.600e+02 1.590e+02 1.060e+02
 9.900e+01 9.100e+01 7.600e+01 6.800e+01 6.600e+01 4.800e+01 4.700e+01
 4.500e+01 4.100e+01 3.800e+01 3.700e+01 3.600e+01 2.400e+01 2.000e+01
 1.700e+01 1.500e+01 1.300e+01 1.000e+01 9.000e+00 8.000e+00 7.000e+00
 5.000e+00 4.000e+00 3.000e+00 2.000e+00 1.000e+00]"
13,4250,"[ 0.          2.          2.23606801  2.82842708  3.          3.1622777
  3.46410155  3.60555124  3.7416575   4.          4.12310553  4.2426405
  4.35889912  4.47213602  4.5825758   4.69041586  4.89897966  5.
  5.09901953  5.38516474  5.47722578  5.65685415  5.74456263  5.83095169
  6.          6.08276272  6.16441393  6.3245554   6.40312433  6.63324976
  6.70820379  6.78233004  7.          7.07106781  7.21110249  7.28010988
  7.48331499  7.54983425  7.81024981  8.24621105  8.77496433  9.1651516
  9.21954441  9.38083172  9.84885788 10.95445156 11.18033981 14.3178215 ]","[2.304e+03 1.691e+03 1.196e+03 8.090e+02 6.770e+02 6.320e+02 5.560e+02
 3.810e+02 3.660e+02 3.500e+02 2.630e+02 2.530e+02 2.520e+02 1.820e+02
 1.650e+02 1.610e+02 1.300e+02 1.170e+02 1.140e+02 7.300e+01 7.200e+01
 7.100e+01 6.300e+01 6.100e+01 5.300e+01 5.000e+01 4.600e+01 3.700e+01
 3.100e+01 3.000e+01 2.400e+01 2.300e+01 2.200e+01 2.000e+01 1.900e+01
 1.700e+01 1.600e+01 1.500e+01 1.400e+01 1.100e+01 9.000e+00 8.000e+00
 6.000e+00 5.000e+00 4.000e+00 3.000e+00 2.000e+00 1.000e+00]"
14,14649,"[ 0.          2.          2.23606801  2.82842708  3.          3.1622777
  3.46410155  3.60555124  3.7416575   4.          4.12310553  4.2426405
  4.47213602  4.5825758   4.69041586  4.89897966  5.          5.09901953
  5.38516474  5.65685415  5.74456263  5.83095169  6.          6.08276272
  6.3245554   6.40312433  6.48074055  6.63324976  6.70820379  7.07106781
  7.28010988  7.34846926  7.54983425  7.6157732   8.06225777  8.24621105
  8.30662346  8.54400349  9.          9.21954441 11.57583714 13.49073792]","[2.304e+03 1.732e+03 1.075e+03 6.890e+02 5.540e+02 5.120e+02 4.300e+02
 2.810e+02 2.730e+02 2.670e+02 2.160e+02 2.100e+02 1.460e+02 1.360e+02
 1.280e+02 1.140e+02 1.020e+02 9.800e+01 6.700e+01 6.300e+01 5.300e+01
 5.200e+01 4.700e+01 4.200e+01 3.700e+01 3.200e+01 3.000e+01 2.800e+01
 2.300e+01 2.000e+01 1.900e+01 1.700e+01 1.600e+01 1.500e+01 1.300e+01
 1.200e+01 1.100e+01 1.000e+01 9.000e+00 4.000e+00 3.000e+00 1.000e+00]"
15,1758,"[0.         2.         2.23606801 2.82842708 3.         3.1622777
 3.46410155 3.60555124 3.7416575  4.         4.12310553 4.2426405
 4.47213602 4.5825758  4.69041586 4.89897966 5.         5.38516474
 5.65685415 5.74456263 5.83095169 6.         6.08276272 6.16441393
 6.3245554  6.40312433 6.63324976 6.70820379 7.07106781 7.28010988
 7.48331499 7.54983425 7.81024981 7.8740077  8.06225777 8.48528099
 9.         9.05538559]","[2.304e+03 1.758e+03 1.086e+03 6.480e+02 5.150e+02 4.660e+02 3.860e+02
 2.330e+02 2.250e+02 2.180e+02 1.620e+02 1.490e+02 9.000e+01 8.300e+01
 7.800e+01 6.700e+01 6.200e+01 4.500e+01 4.300e+01 4.000e+01 3.800e+01
 3.300e+01 2.800e+01 2.200e+01 1.800e+01 1.700e+01 1.500e+01 1.300e+01
 1.200e+01 1.000e+01 8.000e+00 7.000e+00 6.000e+00 5.000e+00 4.000e+00
 3.000e+00 2.000e+00 1.000e+00]"
16,403,"[ 0.          2.          2.23606801  2.82842708  3.          3.1622777
  3.46410155  3.60555124  3.7416575   4.          4.12310553  4.2426405
  4.35889912  4.47213602  4.5825758   4.69041586  4.89897966  5.
  5.09901953  5.19615221  5.38516474  5.47722578  5.65685415  5.74456263
  5.83095169  6.          6.08276272  6.16441393  6.3245554   6.40312433
  6.48074055  6.63324976  6.70820379  6.78233004  7.07106781  7.21110249
  7.28010988  7.48331499  7.54983425  7.6157732   7.68114567  7.8740077
  8.06225777  8.24621105  8.30662346  8.54400349  8.60232544  8.71779823
  8.83176041  9.21954441  9.2736187   9.43398094  9.84885788 10.
 10.09950447 10.19803905 10.95445156 11.         11.22497177 11.3578167
 12.40967369 12.56980515 12.84523296 13.15294647]","[2.304e+03 1.637e+03 1.172e+03 8.790e+02 7.820e+02 7.380e+02 6.730e+02
 5.050e+02 4.880e+02 4.770e+02 3.890e+02 3.680e+02 3.670e+02 2.670e+02
 2.520e+02 2.450e+02 2.150e+02 1.930e+02 1.860e+02 1.840e+02 1.390e+02
 1.350e+02 1.270e+02 1.160e+02 1.080e+02 9.100e+01 9.000e+01 8.500e+01
 6.600e+01 6.200e+01 6.100e+01 5.400e+01 4.900e+01 4.800e+01 4.600e+01
 4.400e+01 4.200e+01 3.900e+01 3.500e+01 3.400e+01 3.300e+01 3.100e+01
 2.700e+01 2.500e+01 2.400e+01 2.300e+01 2.000e+01 1.900e+01 1.800e+01
 1.700e+01 1.600e+01 1.300e+01 1.200e+01 1.100e+01 1.000e+01 9.000e+00
 8.000e+00 7.000e+00 6.000e+00 5.000e+00 4.000e+00 3.000e+00 2.000e+00
 1.000e+00]"
17,16338,"[ 0.          2.          2.23606801  2.82842708  3.          3.1622777
  3.46410155  3.60555124  3.7416575   4.          4.12310553  4.2426405
  4.47213602  4.5825758   4.69041586  4.89897966  5.          5.09901953
  5.38516474  5.47722578  5.65685415  5.74456263  5.91608     6.
  6.08276272  6.16441393  6.3245554   6.40312433  6.48074055  6.63324976
  6.70820379  7.          7.07106781  7.21110249  7.28010988  7.34846926
  7.48331499  7.54983425  7.6157732   7.81024981  7.8740077   8.06225777
  8.1240387   8.24621105  8.48528099  8.66025448  8.71779823  8.77496433
  8.83176041  8.94427204 11.18033981 12.80624866 13.30413437 13.34166431
 30.29851532 36.48287201]","[2.304e+03 1.454e+03 8.560e+02 5.980e+02 4.850e+02 4.530e+02 3.980e+02
 3.040e+02 2.930e+02 2.890e+02 2.350e+02 2.290e+02 1.700e+02 1.580e+02
 1.480e+02 1.300e+02 1.220e+02 1.140e+02 9.500e+01 9.400e+01 9.100e+01
 7.700e+01 7.500e+01 6.800e+01 6.600e+01 6.300e+01 5.000e+01 4.900e+01
 4.800e+01 4.600e+01 4.400e+01 3.900e+01 3.600e+01 3.200e+01 2.800e+01
 2.700e+01 2.400e+01 2.300e+01 2.200e+01 2.000e+01 1.900e+01 1.700e+01
 1.500e+01 1.400e+01 1.200e+01 1.100e+01 1.000e+01 9.000e+00 8.000e+00
 7.000e+00 6.000e+00 5.000e+00 4.000e+00 3.000e+00 2.000e+00 1.000e+00]"
18,8686,"[ 0.          2.          2.23606801  2.82842708  3.          3.1622777
  3.46410155  3.60555124  3.7416575   4.          4.12310553  4.2426405
  4.47213602  4.5825758   4.69041586  4.89897966  5.          5.19615221
  5.38516474  5.47722578  5.65685415  5.74456263  5.83095169  6.
  6.08276272  6.16441393  6.3245554   6.40312433  6.55743837  6.63324976
  6.70820379  7.          7.21110249  7.28010988  7.34846926  7.48331499
  7.6157732   7.81024981  8.30662346  8.36660004  8.48528099  9.21954441
  9.48683262  9.69536018  9.84885788 10.19803905 10.81665421 10.95445156]","[2.304e+03 1.893e+03 1.267e+03 7.980e+02 6.730e+02 6.150e+02 5.160e+02
 3.410e+02 3.230e+02 3.140e+02 2.570e+02 2.520e+02 1.790e+02 1.630e+02
 1.520e+02 1.220e+02 1.050e+02 1.020e+02 7.000e+01 6.500e+01 6.200e+01
 5.600e+01 5.300e+01 4.800e+01 4.500e+01 4.200e+01 3.500e+01 3.400e+01
 3.300e+01 3.200e+01 2.700e+01 2.500e+01 2.400e+01 1.900e+01 1.800e+01
 1.600e+01 1.400e+01 1.300e+01 1.100e+01 1.000e+01 9.000e+00 8.000e+00
 7.000e+00 6.000e+00 5.000e+00 3.000e+00 2.000e+00 1.000e+00]"
19,24545,"[ 0.          2.          2.23606801  2.82842708  3.          3.1622777
  3.46410155  3.60555124  3.7416575   4.          4.12310553  4.2426405
  4.35889912  4.47213602  4.5825758   4.69041586  4.89897966  5.
  5.09901953  5.38516474  5.47722578  5.65685415  5.74456263  5.83095169
  6.          6.08276272  6.16441393  6.3245554   6.40312433  6.63324976
  6.70820379  6.92820311  7.          7.21110249  7.28010988  7.34846926
  7.48331499  7.54983425  7.6157732   7.81024981  7.8740077   8.06225777
  8.1240387   8.24621105  8.30662346  8.36660004  8.48528099  8.54400349
  8.60232544  8.77496433  9.1651516   9.38083172  9.43398094 10.
 10.04987526 10.39230442 11.22497177 12.08304596 15.394804  ]","[2.304e+03 1.892e+03 1.440e+03 1.086e+03 9.590e+02 8.990e+02 8.010e+02
 5.910e+02 5.800e+02 5.700e+02 4.860e+02 4.720e+02 4.710e+02 3.590e+02
 3.320e+02 3.220e+02 2.800e+02 2.500e+02 2.430e+02 1.780e+02 1.770e+02
 1.690e+02 1.540e+02 1.450e+02 1.330e+02 1.310e+02 1.230e+02 9.400e+01
 8.200e+01 7.400e+01 6.700e+01 6.500e+01 5.700e+01 5.300e+01 4.300e+01
 4.000e+01 3.700e+01 3.600e+01 3.200e+01 2.900e+01 2.800e+01 2.500e+01
 2.400e+01 2.000e+01 1.700e+01 1.600e+01 1.500e+01 1.400e+01 1.200e+01
 1.100e+01 1.000e+01 9.000e+00 7.000e+00 6.000e+00 5.000e+00 4.000e+00
 3.000e+00 2.000e+00 1.000e+00]"
20,2845,"[0.         2.         2.23606801 2.82842708 3.         3.1622777
 3.46410155 3.60555124 3.7416575  4.         4.12310553 4.2426405
 4.35889912 4.47213602 4.5825758  4.69041586 4.89897966 5.
 5.09901953 5.19615221 5.38516474 5.47722578 5.65685415 5.74456263
 5.83095169 6.         6.08276272 6.16441393 6.3245554  6.40312433
 6.63324976 6.70820379 7.         7.28010988 7.54983425 7.8740077
 8.06225777 8.1240387  8.30662346]","[2.304e+03 1.734e+03 1.086e+03 6.970e+02 5.910e+02 5.270e+02 4.670e+02
 3.010e+02 2.940e+02 2.870e+02 2.300e+02 2.210e+02 2.200e+02 1.470e+02
 1.340e+02 1.290e+02 1.040e+02 8.800e+01 8.600e+01 8.400e+01 5.400e+01
 5.200e+01 4.700e+01 4.000e+01 3.500e+01 2.600e+01 2.500e+01 2.300e+01
 1.700e+01 1.500e+01 1.200e+01 9.000e+00 8.000e+00 6.000e+00 5.000e+00
 4.000e+00 3.000e+00 2.000e+00 1.000e+00]"
21,15061,"[ 0.          2.          2.23606801  2.82842708  3.          3.1622777
  3.46410155  3.60555124  3.7416575   4.          4.12310553  4.2426405
  4.47213602  4.5825758   4.69041586  4.89897966  5.          5.09901953
  5.38516474  5.47722578  5.65685415  5.74456263  5.83095169  6.
  6.08276272  6.16441393  6.3245554   6.40312433  6.48074055  6.63324976
  6.70820379  7.          7.07106781  7.21110249  7.28010988  7.34846926
  7.48331499  7.54983425  7.6157732   7.81024981  7.8740077   8.1240387
  8.24621105  8.54400349  8.71779823  8.83176041  9.11043358  9.43398094
 10.67707825 12.64911079]","[2.304e+03 1.197e+03 9.510e+02 7.560e+02 6.540e+02 6.330e+02 5.820e+02
 4.610e+02 4.450e+02 4.380e+02 3.800e+02 3.640e+02 2.760e+02 2.610e+02
 2.540e+02 2.270e+02 2.010e+02 1.960e+02 1.420e+02 1.380e+02 1.270e+02
 1.160e+02 1.130e+02 1.030e+02 1.000e+02 9.400e+01 7.500e+01 6.200e+01
 6.100e+01 5.300e+01 4.000e+01 3.600e+01 3.200e+01 2.700e+01 2.000e+01
 1.900e+01 1.600e+01 1.400e+01 1.300e+01 1.200e+01 1.000e+01 9.000e+00
 8.000e+00 7.000e+00 6.000e+00 5.000e+00 4.000e+00 3.000e+00 2.000e+00
 1.000e+00]"
22,18124,"[ 0.          2.          2.23606801  2.82842708  3.          3.1622777
  3.46410155  3.60555124  3.7416575   4.          4.12310553  4.2426405
  4.47213602  4.5825758   4.69041586  4.89897966  5.          5.19615221
  5.38516474  5.74456263  6.          6.3245554   6.63324976  7.07106781
  7.28010988 10.48808861]","[2.304e+03 1.361e+03 6.680e+02 3.590e+02 2.540e+02 2.250e+02 1.920e+02
 9.800e+01 9.300e+01 9.100e+01 6.200e+01 6.000e+01 3.600e+01 3.300e+01
 2.900e+01 2.300e+01 2.100e+01 2.000e+01 1.000e+01 9.000e+00 6.000e+00
 5.000e+00 4.000e+00 3.000e+00 2.000e+00 1.000e+00]"
23,2084,"[0.         2.         2.23606801 2.82842708 3.         3.1622777
 3.46410155 3.60555124 3.7416575  4.         4.12310553 4.2426405
 4.47213602 4.5825758  4.69041586 4.89897966 5.         5.38516474
 5.47722578 5.65685415 5.74456263 5.83095169 6.         6.08276272
 6.16441393 6.3245554  6.40312433 8.06225777 9.21954441]","[2.304e+03 1.739e+03 1.038e+03 5.540e+02 4.310e+02 3.760e+02 3.060e+02
 1.830e+02 1.690e+02 1.630e+02 1.210e+02 1.140e+02 7.200e+01 6.300e+01
 5.800e+01 4.000e+01 3.400e+01 1.900e+01 1.800e+01 1.700e+01 1.500e+01
 1.400e+01 1.000e+01 9.000e+00 7.000e+00 4.000e+00 3.000e+00 2.000e+00
 1.000e+00]"
24,9952,"[ 0.          2.          2.23606801  2.82842708  3.          3.1622777
  3.46410155  3.60555124  3.7416575   4.          4.12310553  4.2426405
  4.47213602  4.5825758   4.69041586  4.89897966  5.          5.09901953
  5.38516474  5.47722578  5.65685415  5.74456263  5.83095169  6.
  6.40312433  6.70820379  7.          7.21110249  7.28010988  7.48331499
  7.54983425  7.8740077   8.24621105  9.48683262  9.64365101  9.69536018
 12.16552544]","[2.304e+03 1.677e+03 9.740e+02 5.920e+02 4.720e+02 4.170e+02 3.590e+02
 2.160e+02 2.000e+02 1.910e+02 1.360e+02 1.300e+02 8.000e+01 6.800e+01
 6.500e+01 5.600e+01 5.200e+01 5.100e+01 3.500e+01 3.400e+01 3.000e+01
 2.800e+01 2.400e+01 1.800e+01 1.600e+01 1.500e+01 1.400e+01 1.300e+01
 1.100e+01 9.000e+00 7.000e+00 6.000e+00 5.000e+00 4.000e+00 3.000e+00
 2.000e+00 1.000e+00]"
25,1566,"[ 0.          2.          2.23606801  2.82842708  3.          3.1622777
  3.46410155  3.60555124  3.7416575   4.          4.12310553  4.2426405
  4.35889912  4.47213602  4.5825758   4.69041586  4.89897966  5.
  5.09901953  5.38516474  5.47722578  5.65685415  5.74456263  5.83095169
  6.          6.16441393  6.3245554   6.40312433  6.63324976  6.70820379
  6.78233004  7.07106781  7.21110249  7.28010988  7.48331499  7.54983425
  7.8740077   8.24621105  8.30662346  8.36660004  8.71779823  9.21954441
  9.38083172  9.43398094 10.04987526 12.04159451]","[2.304e+03 1.687e+03 1.125e+03 7.250e+02 6.070e+02 5.580e+02 4.760e+02
 2.970e+02 2.830e+02 2.770e+02 2.040e+02 1.970e+02 1.960e+02 1.320e+02
 1.250e+02 1.160e+02 9.300e+01 8.400e+01 8.100e+01 5.500e+01 5.300e+01
 5.000e+01 4.500e+01 4.100e+01 3.900e+01 3.600e+01 2.900e+01 2.700e+01
 2.500e+01 2.300e+01 2.200e+01 2.000e+01 1.900e+01 1.600e+01 1.400e+01
 1.200e+01 1.100e+01 9.000e+00 8.000e+00 7.000e+00 6.000e+00 5.000e+00
 4.000e+00 3.000e+00 2.000e+00 1.000e+00]"
26,798,"[ 0.          2.          2.23606801  2.82842708  3.          3.1622777
  3.46410155  3.60555124  3.7416575   4.          4.12310553  4.2426405
  4.47213602  4.5825758   4.69041586  4.89897966  5.          5.09901953
  5.38516474  5.47722578  5.65685415  5.74456263  5.83095169  6.
  6.16441393  6.3245554   6.40312433  6.63324976  6.70820379  6.92820311
  7.          7.28010988  7.34846926  7.48331499  7.54983425  7.6157732
  8.24621105  8.30662346 11.18033981]","[2.304e+03 1.764e+03 1.171e+03 7.020e+02 5.620e+02 5.020e+02 4.370e+02
 2.700e+02 2.560e+02 2.500e+02 1.940e+02 1.850e+02 1.300e+02 1.200e+02
 1.110e+02 9.600e+01 8.700e+01 8.500e+01 5.800e+01 5.700e+01 5.400e+01
 5.000e+01 4.500e+01 4.200e+01 4.000e+01 3.200e+01 2.800e+01 2.600e+01
 2.100e+01 1.900e+01 1.700e+01 1.200e+01 1.100e+01 1.000e+01 8.000e+00
 7.000e+00 4.000e+00 2.000e+00 1.000e+00]"
27,21549,"[0.         2.         2.23606801 2.82842708 3.         3.1622777
 3.46410155 3.60555124 3.7416575  4.         4.12310553 4.2426405
 4.35889912 4.47213602 4.5825758  4.69041586 4.89897966 5.
 5.09901953 5.19615221 5.38516474 5.65685415 5.74456263 5.83095169
 6.         6.08276272 6.3245554  6.40312433 7.07106781 7.54983425
 8.24621105]","[2.304e+03 1.664e+03 9.400e+02 5.650e+02 4.410e+02 3.970e+02 3.310e+02
 2.010e+02 1.940e+02 1.850e+02 1.300e+02 1.190e+02 1.170e+02 7.400e+01
 6.300e+01 5.500e+01 4.000e+01 3.600e+01 3.100e+01 3.000e+01 1.400e+01
 1.300e+01 1.100e+01 1.000e+01 8.000e+00 7.000e+00 5.000e+00 4.000e+00
 3.000e+00 2.000e+00 1.000e+00]"
28,2607,"[ 0.          2.          2.23606801  2.82842708  3.          3.1622777
  3.46410155  3.60555124  3.7416575   4.          4.12310553  4.2426405
  4.47213602  4.5825758   4.69041586  4.89897966  5.          5.09901953
  5.38516474  5.47722578  5.65685415  5.74456263  5.83095169  6.
  6.08276272  6.16441393  6.3245554   6.40312433  6.63324976  6.70820379
  6.92820311  7.          7.07106781  7.28010988  8.06225777  8.24621105
  9.43398094 10.04987526 11.57583714 11.66190338 20.32240105]","[2.304e+03 1.859e+03 1.217e+03 7.700e+02 6.280e+02 5.760e+02 4.860e+02
 3.280e+02 3.180e+02 3.060e+02 2.250e+02 2.170e+02 1.400e+02 1.260e+02
 1.180e+02 9.900e+01 8.900e+01 8.700e+01 5.200e+01 5.100e+01 4.700e+01
 4.400e+01 4.200e+01 4.000e+01 3.700e+01 3.600e+01 2.900e+01 2.800e+01
 2.400e+01 2.000e+01 1.800e+01 1.400e+01 1.100e+01 1.000e+01 7.000e+00
 6.000e+00 5.000e+00 4.000e+00 3.000e+00 2.000e+00 1.000e+00]"
29,2544,"[ 0.          2.          2.23606801  2.82842708  3.          3.1622777
  3.46410155  3.60555124  3.7416575   4.          4.12310553  4.2426405
  4.47213602  4.5825758   4.69041586  4.89897966  5.          5.38516474
  5.74456263  5.83095169  6.          6.16441393  6.3245554   6.40312433
  6.63324976  7.07106781  7.28010988  7.48331499  7.54983425 10.
 10.19803905 13.15294647 13.34166431]","[2.304e+03 1.164e+03 5.160e+02 3.120e+02 2.180e+02 1.860e+02 1.540e+02
 8.800e+01 8.300e+01 7.900e+01 7.000e+01 6.900e+01 5.100e+01 4.400e+01
 4.100e+01 3.400e+01 3.200e+01 2.500e+01 2.200e+01 2.100e+01 2.000e+01
 1.900e+01 1.600e+01 1.500e+01 1.300e+01 1.200e+01 9.000e+00 7.000e+00
 5.000e+00 4.000e+00 3.000e+00 2.000e+00 1.000e+00]"
30,730,"[ 0.          2.          2.23606801  2.82842708  3.          3.1622777
  3.46410155  3.60555124  3.7416575   4.          4.12310553  4.2426405
  4.35889912  4.47213602  4.5825758   4.69041586  4.89897966  5.
  5.09901953  5.38516474  5.47722578  5.65685415  5.74456263  6.
  6.08276272  6.3245554   6.40312433  6.63324976  6.92820311  7.28010988
  7.34846926  7.54983425  8.24621105  8.48528099  9.64365101 11.22497177
 12.16552544]","[2.304e+03 1.824e+03 1.027e+03 5.630e+02 4.240e+02 3.760e+02 3.160e+02
 2.180e+02 2.060e+02 2.030e+02 1.510e+02 1.420e+02 1.400e+02 9.600e+01
 8.800e+01 8.300e+01 6.300e+01 5.700e+01 5.600e+01 3.800e+01 3.600e+01
 3.200e+01 2.500e+01 2.200e+01 2.100e+01 1.700e+01 1.500e+01 1.300e+01
 1.200e+01 9.000e+00 8.000e+00 7.000e+00 5.000e+00 4.000e+00 3.000e+00
 2.000e+00 1.000e+00]"
31,25348,"[ 0.          2.          2.23606801  2.82842708  3.          3.1622777
  3.46410155  3.60555124  3.7416575   4.          4.12310553  4.2426405
  4.47213602  4.5825758   4.69041586  4.89897966  5.          5.09901953
  5.38516474  5.47722578  5.65685415  5.74456263  5.83095169  6.
  6.08276272  6.16441393  6.3245554   6.40312433  6.63324976  6.70820379
  6.78233004  7.          7.07106781  7.21110249  7.28010988  7.48331499
  7.54983425  7.6157732   8.06225777  8.24621105  8.54400349  9.21954441
 10.44030666 11.18033981]","[2.304e+03 1.799e+03 1.150e+03 7.270e+02 5.970e+02 5.440e+02 4.610e+02
 3.150e+02 3.000e+02 2.940e+02 2.370e+02 2.250e+02 1.650e+02 1.490e+02
 1.470e+02 1.180e+02 1.080e+02 1.070e+02 8.400e+01 8.000e+01 7.100e+01
 6.700e+01 6.500e+01 6.000e+01 5.700e+01 5.400e+01 4.500e+01 4.000e+01
 3.900e+01 3.700e+01 3.600e+01 3.400e+01 3.200e+01 3.000e+01 2.500e+01
 1.800e+01 1.500e+01 1.400e+01 1.200e+01 9.000e+00 8.000e+00 3.000e+00
 2.000e+00 1.000e+00]"
32,27009,"[ 0.          2.          2.23606801  2.82842708  3.          3.1622777
  3.46410155  3.60555124  3.7416575   4.          4.12310553  4.2426405
  4.35889912  4.47213602  4.5825758   4.69041586  4.89897966  5.
  5.09901953  5.38516474  5.47722578  5.65685415  5.74456263  5.83095169
  6.          6.08276272  6.3245554   6.40312433  6.63324976  6.70820379
  7.          7.07106781  7.21110249  7.28010988  7.48331499  7.54983425
  7.6157732   7.8740077   8.06225777  8.24621105  8.71779823  9.21954441
  9.64365101 12.20655537]","[2.304e+03 1.487e+03 9.230e+02 5.890e+02 4.960e+02 4.470e+02 3.920e+02
 2.920e+02 2.890e+02 2.800e+02 2.450e+02 2.340e+02 2.330e+02 1.720e+02
 1.660e+02 1.570e+02 1.390e+02 1.250e+02 1.220e+02 8.100e+01 7.900e+01
 7.700e+01 6.200e+01 5.800e+01 4.900e+01 4.700e+01 3.300e+01 2.900e+01
 2.800e+01 2.700e+01 2.500e+01 2.000e+01 1.900e+01 1.500e+01 1.200e+01
 1.100e+01 1.000e+01 9.000e+00 7.000e+00 6.000e+00 5.000e+00 3.000e+00
 2.000e+00 1.000e+00]"
33,2635,"[0.         2.         2.23606801 2.82842708 3.         3.1622777
 3.46410155 3.60555124 3.7416575  4.         4.12310553 4.2426405
 4.47213602 4.5825758  4.69041586 4.89897966 5.         5.09901953
 5.38516474 5.47722578 5.65685415 5.74456263 5.83095169 6.
 6.16441393 6.3245554  6.40312433 6.55743837 6.63324976 6.70820379
 7.         7.21110249 7.28010988 7.48331499 7.54983425 7.81024981
 8.06225777 8.24621105 8.30662346 8.36660004 8.48528099 8.54400349
 8.77496433 9.21954441 9.38083172 9.48683262 9.84885788]","[2.304e+03 1.820e+03 1.146e+03 7.150e+02 5.600e+02 5.080e+02 4.090e+02
 2.830e+02 2.710e+02 2.650e+02 2.080e+02 1.970e+02 1.480e+02 1.330e+02
 1.210e+02 8.800e+01 8.200e+01 8.000e+01 5.800e+01 5.700e+01 5.600e+01
 5.100e+01 4.900e+01 4.500e+01 4.200e+01 3.700e+01 3.100e+01 3.000e+01
 2.700e+01 2.500e+01 2.300e+01 2.100e+01 2.000e+01 1.800e+01 1.500e+01
 1.300e+01 1.200e+01 1.100e+01 1.000e+01 9.000e+00 8.000e+00 6.000e+00
 5.000e+00 4.000e+00 3.000e+00 2.000e+00 1.000e+00]"
34,10334,"[0.         2.         2.23606801 2.82842708 3.         3.1622777
 3.46410155 3.60555124 3.7416575  4.         4.12310553 4.2426405
 4.47213602 4.5825758  4.69041586 4.89897966 5.         5.09901953
 5.38516474 5.47722578 5.65685415 5.74456263 5.83095169 5.91608
 6.         6.08276272 6.16441393 6.3245554  6.40312433 6.63324976
 6.70820379 7.         7.07106781 7.28010988 7.6157732  7.8740077
 8.06225777 8.30662346 8.48528099 8.77496433 9.1651516  9.2736187
 9.84885788]","[2.304e+03 1.387e+03 8.520e+02 5.620e+02 4.460e+02 4.180e+02 3.530e+02
 2.680e+02 2.550e+02 2.520e+02 2.030e+02 1.930e+02 1.230e+02 1.100e+02
 1.040e+02 9.100e+01 8.300e+01 7.600e+01 5.200e+01 4.900e+01 4.700e+01
 4.200e+01 4.000e+01 3.900e+01 3.600e+01 3.400e+01 3.100e+01 2.300e+01
 2.100e+01 1.800e+01 1.700e+01 1.600e+01 1.400e+01 1.100e+01 1.000e+01
 9.000e+00 8.000e+00 7.000e+00 6.000e+00 4.000e+00 3.000e+00 2.000e+00
 1.000e+00]"
35,18110,"[0.         2.         2.23606801 2.82842708 3.         3.1622777
 3.46410155 3.60555124 3.7416575  4.         4.12310553 4.2426405
 4.35889912 4.47213602 4.5825758  4.69041586 4.89897966 5.
 5.09901953 5.38516474 5.47722578 5.65685415 5.74456263 5.83095169
 6.3245554  6.63324976 7.         7.28010988 7.6157732  9.94987392]","[2.304e+03 1.736e+03 1.042e+03 6.070e+02 4.770e+02 4.280e+02 3.480e+02
 2.070e+02 1.980e+02 1.880e+02 1.320e+02 1.250e+02 1.230e+02 6.600e+01
 5.900e+01 5.500e+01 4.500e+01 3.900e+01 3.700e+01 1.900e+01 1.800e+01
 1.500e+01 1.300e+01 9.000e+00 6.000e+00 5.000e+00 4.000e+00 3.000e+00
 2.000e+00 1.000e+00]"
36,22238,"[0.         2.         2.23606801 2.82842708 3.         3.1622777
 3.46410155 3.60555124 3.7416575  4.         4.12310553 4.2426405
 4.35889912 4.47213602 4.5825758  4.69041586 4.89897966 5.
 5.09901953 5.38516474 5.47722578 5.74456263 5.83095169 6.
 6.3245554  6.63324976 7.21110249 7.28010988 8.06225777]","[2.304e+03 1.595e+03 7.780e+02 4.210e+02 3.040e+02 2.630e+02 2.230e+02
 1.110e+02 1.050e+02 1.030e+02 7.600e+01 6.900e+01 6.800e+01 3.500e+01
 3.200e+01 3.000e+01 2.200e+01 1.800e+01 1.700e+01 1.200e+01 1.000e+01
 8.000e+00 7.000e+00 6.000e+00 5.000e+00 4.000e+00 3.000e+00 2.000e+00
 1.000e+00]"
37,6549,"[ 0.          2.          2.23606801  2.82842708  3.          3.1622777
  3.46410155  3.60555124  3.7416575   4.          4.12310553  4.2426405
  4.35889912  4.47213602  4.5825758   4.69041586  4.89897966  5.
  5.09901953  5.38516474  5.47722578  5.65685415  5.74456263  5.83095169
  6.          6.08276272  6.16441393  6.3245554   6.40312433  6.63324976
  6.70820379  7.          7.28010988  7.34846926  7.48331499  7.81024981
  7.8740077   8.24621105  9.43398094 17.94435883 30.06659317 37.05401611]","[2.304e+03 1.727e+03 1.066e+03 6.280e+02 5.000e+02 4.510e+02 3.900e+02
 2.610e+02 2.560e+02 2.470e+02 2.010e+02 1.920e+02 1.910e+02 1.310e+02
 1.150e+02 1.110e+02 8.700e+01 7.200e+01 6.800e+01 4.700e+01 4.500e+01
 4.400e+01 3.800e+01 3.400e+01 3.200e+01 3.100e+01 3.000e+01 2.300e+01
 2.200e+01 1.900e+01 1.300e+01 1.200e+01 1.100e+01 1.000e+01 8.000e+00
 7.000e+00 6.000e+00 5.000e+00 4.000e+00 3.000e+00 2.000e+00 1.000e+00]"
38,14823,"[ 0.          2.          2.23606801  2.82842708  3.          3.1622777
  3.46410155  3.60555124  3.7416575   4.          4.12310553  4.2426405
  4.35889912  4.47213602  4.5825758   4.69041586  4.89897966  5.
  5.09901953  5.38516474  5.65685415  5.74456263  6.          6.16441393
  6.3245554   6.40312433  6.55743837  6.63324976  6.70820379  7.07106781
  7.28010988  7.34846926  7.48331499  7.54983425  7.6157732   7.8740077
  8.06225777  8.24621105  8.30662346  8.48528099  8.71779823  8.77496433
  9.21954441  9.43398094  9.69536018 10.04987526 10.19803905 10.39230442
 10.48808861 14.56021976]","[2.304e+03 1.643e+03 9.230e+02 5.530e+02 4.330e+02 3.970e+02 3.500e+02
 2.530e+02 2.430e+02 2.350e+02 1.890e+02 1.810e+02 1.800e+02 1.310e+02
 1.220e+02 1.170e+02 9.700e+01 8.700e+01 8.500e+01 7.300e+01 7.100e+01
 6.600e+01 6.200e+01 5.900e+01 4.800e+01 4.600e+01 4.500e+01 4.300e+01
 3.900e+01 3.600e+01 3.300e+01 3.200e+01 3.000e+01 2.800e+01 2.700e+01
 2.600e+01 2.500e+01 2.200e+01 2.000e+01 1.800e+01 1.600e+01 1.500e+01
 1.200e+01 1.100e+01 9.000e+00 8.000e+00 5.000e+00 4.000e+00 2.000e+00
 1.000e+00]"
39,10663,"[ 0.          2.          2.23606801  2.82842708  3.          3.1622777
  3.46410155  3.60555124  3.7416575   4.          4.12310553  4.2426405
  4.47213602  4.5825758   4.69041586  4.89897966  5.          5.09901953
  5.38516474  5.47722578  5.65685415  5.74456263  5.83095169  6.
  6.08276272  6.16441393  6.3245554   6.40312433  6.48074055  6.63324976
  6.70820379  7.          7.28010988  7.48331499  7.6157732   7.81024981
  8.06225777  8.24621105  8.30662346  8.54400349  9.48683262  9.79795933
  9.84885788  9.89949512 10.04987526 10.63014603 10.81665421 10.95445156
 11.3578167  13.15294647]","[2.304e+03 1.820e+03 1.240e+03 7.880e+02 6.710e+02 6.070e+02 5.310e+02
 3.370e+02 3.250e+02 3.120e+02 2.570e+02 2.360e+02 1.700e+02 1.590e+02
 1.530e+02 1.150e+02 9.800e+01 9.600e+01 7.600e+01 7.300e+01 6.900e+01
 6.700e+01 6.400e+01 5.800e+01 5.700e+01 5.200e+01 4.400e+01 3.700e+01
 3.600e+01 3.200e+01 2.900e+01 2.700e+01 2.300e+01 2.200e+01 2.100e+01
 1.900e+01 1.800e+01 1.500e+01 1.400e+01 1.300e+01 1.200e+01 1.100e+01
 1.000e+01 9.000e+00 8.000e+00 7.000e+00 6.000e+00 5.000e+00 3.000e+00
 1.000e+00]"
40,20787,"[ 0.          2.          2.23606801  2.82842708  3.          3.1622777
  3.46410155  3.60555124  3.7416575   4.          4.12310553  4.2426405
  4.47213602  4.5825758   4.69041586  4.89897966  5.          5.09901953
  5.38516474  5.47722578  5.65685415  5.74456263  5.83095169  6.
  6.08276272  6.16441393  6.3245554   6.40312433  6.63324976  6.70820379
  7.          7.07106781  7.28010988  7.48331499  7.54983425  7.81024981
  7.8740077   8.06225777  8.54400349  8.60232544  8.94427204  9.21954441
  9.2736187  12.36931705]","[2.304e+03 1.860e+03 1.264e+03 8.550e+02 7.360e+02 6.700e+02 5.950e+02
 4.000e+02 3.870e+02 3.720e+02 2.900e+02 2.810e+02 1.930e+02 1.800e+02
 1.710e+02 1.450e+02 1.230e+02 1.210e+02 8.000e+01 7.800e+01 7.100e+01
 6.600e+01 6.400e+01 5.400e+01 5.100e+01 4.900e+01 3.700e+01 3.300e+01
 3.100e+01 2.900e+01 2.800e+01 2.500e+01 2.000e+01 1.700e+01 1.500e+01
 1.400e+01 1.200e+01 1.000e+01 8.000e+00 6.000e+00 4.000e+00 3.000e+00
 2.000e+00 1.000e+00]"
41,4419,"[ 0.          2.          2.23606801  2.82842708  3.          3.1622777
  3.46410155  3.60555124  3.7416575   4.          4.12310553  4.2426405
  4.47213602  4.5825758   4.69041586  4.89897966  5.          5.09901953
  5.38516474  5.47722578  5.65685415  5.74456263  5.83095169  6.
  6.16441393  6.3245554   6.40312433  6.63324976  7.28010988  7.34846926
  7.48331499  7.54983425 14.        ]","[2.304e+03 1.846e+03 1.184e+03 6.900e+02 5.680e+02 5.060e+02 4.080e+02
 2.430e+02 2.360e+02 2.290e+02 1.760e+02 1.570e+02 9.600e+01 8.500e+01
 8.400e+01 6.900e+01 5.800e+01 5.500e+01 2.900e+01 2.800e+01 2.700e+01
 2.400e+01 2.300e+01 1.800e+01 1.700e+01 9.000e+00 8.000e+00 7.000e+00
 5.000e+00 4.000e+00 3.000e+00 2.000e+00 1.000e+00]"
42,9382,"[ 0.          2.          2.23606801  2.82842708  3.          3.1622777
  3.46410155  3.60555124  3.7416575   4.          4.12310553  4.2426405
  4.47213602  4.5825758   4.69041586  4.89897966  5.          5.09901953
  5.19615221  5.38516474  5.47722578  5.65685415  5.74456263  5.83095169
  6.          6.08276272  6.3245554   6.40312433  6.55743837  6.63324976
  6.70820379  6.92820311  7.          7.28010988  7.48331499  7.8740077
  8.          8.06225777  8.48528099  8.83176041  9.1651516  10.39230442
 11.3578167  12.52996445]","[2.304e+03 1.613e+03 9.710e+02 6.220e+02 5.080e+02 4.780e+02 4.120e+02
 2.720e+02 2.630e+02 2.520e+02 1.910e+02 1.820e+02 1.290e+02 1.190e+02
 1.100e+02 9.400e+01 8.100e+01 7.600e+01 7.500e+01 4.800e+01 4.700e+01
 4.400e+01 4.000e+01 3.500e+01 3.000e+01 2.900e+01 2.400e+01 2.300e+01
 2.200e+01 2.000e+01 1.600e+01 1.500e+01 1.400e+01 1.300e+01 1.200e+01
 1.000e+01 9.000e+00 8.000e+00 7.000e+00 6.000e+00 5.000e+00 3.000e+00
 2.000e+00 1.000e+00]"
43,8223,"[0.         2.         2.23606801 2.82842708 3.         3.1622777
 3.46410155 3.60555124 3.7416575  4.         4.12310553 4.2426405
 4.35889912 4.47213602 4.5825758  4.69041586 4.89897966 5.
 5.09901953 5.38516474 5.47722578 5.65685415 5.74456263 5.83095169
 6.         6.16441393 6.3245554  6.40312433 6.63324976 6.70820379
 6.78233004 7.         7.28010988 7.34846926 7.48331499 8.24621105
 8.60232544]","[2.304e+03 1.817e+03 1.212e+03 7.800e+02 6.350e+02 5.730e+02 4.650e+02
 3.000e+02 2.860e+02 2.810e+02 2.170e+02 2.050e+02 2.040e+02 1.450e+02
 1.280e+02 1.180e+02 9.600e+01 8.900e+01 8.300e+01 4.900e+01 4.800e+01
 4.500e+01 3.600e+01 3.200e+01 2.900e+01 2.700e+01 1.600e+01 1.500e+01
 1.400e+01 1.000e+01 9.000e+00 8.000e+00 5.000e+00 4.000e+00 3.000e+00
 2.000e+00 1.000e+00]"
44,11509,"[ 0.          2.          2.23606801  2.82842708  3.          3.1622777
  3.46410155  3.60555124  3.7416575   4.          4.12310553  4.2426405
  4.47213602  4.5825758   4.69041586  4.89897966  5.          5.09901953
  5.38516474  5.47722578  5.65685415  5.74456263  5.83095169  6.
  6.3245554   6.40312433  6.63324976  6.70820379  7.          7.07106781
  7.21110249  7.34846926  7.81024981  8.06225777  8.24621105  8.60232544
  9.          9.48683262 12.36931705]","[2.304e+03 1.636e+03 9.500e+02 6.210e+02 4.980e+02 4.640e+02 4.010e+02
 2.910e+02 2.840e+02 2.780e+02 2.260e+02 2.130e+02 1.490e+02 1.410e+02
 1.330e+02 1.130e+02 1.030e+02 1.010e+02 6.300e+01 6.200e+01 5.800e+01
 4.700e+01 4.300e+01 4.100e+01 2.700e+01 2.400e+01 2.300e+01 2.000e+01
 1.700e+01 1.400e+01 1.300e+01 1.100e+01 1.000e+01 9.000e+00 5.000e+00
 4.000e+00 3.000e+00 2.000e+00 1.000e+00]"
45,9465,"[0.         2.         2.23606801 2.82842708 3.         3.1622777
 3.46410155 3.60555124 3.7416575  4.         4.12310553 4.2426405
 4.35889912 4.47213602 4.5825758  4.69041586 4.89897966 5.
 5.09901953 5.38516474 5.47722578 5.65685415 5.74456263 5.83095169
 6.         6.16441393 6.3245554  7.         7.34846926 7.48331499
 8.60232544]","[2.304e+03 1.685e+03 9.470e+02 5.020e+02 3.810e+02 3.320e+02 2.410e+02
 1.230e+02 1.180e+02 1.150e+02 7.900e+01 7.200e+01 7.000e+01 4.700e+01
 4.300e+01 4.200e+01 3.300e+01 3.000e+01 2.900e+01 1.900e+01 1.800e+01
 1.500e+01 1.300e+01 1.200e+01 1.100e+01 1.000e+01 6.000e+00 4.000e+00
 3.000e+00 2.000e+00 1.000e+00]"
46,10070,"[ 0.          2.          2.23606801  2.82842708  3.          3.1622777
  3.46410155  3.60555124  3.7416575   4.          4.12310553  4.2426405
  4.35889912  4.47213602  4.5825758   4.69041586  4.89897966  5.
  5.09901953  5.19615221  5.38516474  5.47722578  5.65685415  5.74456263
  5.83095169  5.91608     6.          6.08276272  6.16441393  6.3245554
  6.40312433  6.63324976  6.70820379  7.          7.07106781  7.21110249
  7.28010988  7.34846926  7.48331499  7.54983425  7.6157732   7.68114567
  7.81024981  8.06225777  8.24621105  8.30662346  8.48528099  8.60232544
  9.1651516   9.21954441  9.43398094  9.48683262 10.04987526 10.19803905
 11.         12.08304596 12.24744892 13.89244366]","[2.304e+03 1.956e+03 1.405e+03 9.760e+02 8.550e+02 8.130e+02 7.070e+02
 5.350e+02 5.220e+02 5.140e+02 4.030e+02 3.930e+02 3.920e+02 2.920e+02
 2.730e+02 2.630e+02 2.200e+02 2.040e+02 1.990e+02 1.980e+02 1.490e+02
 1.410e+02 1.290e+02 1.140e+02 1.060e+02 1.040e+02 9.400e+01 9.300e+01
 8.600e+01 6.700e+01 6.300e+01 5.900e+01 5.200e+01 5.000e+01 4.700e+01
 4.400e+01 3.500e+01 3.300e+01 3.000e+01 2.900e+01 2.800e+01 2.700e+01
 2.600e+01 2.300e+01 1.800e+01 1.700e+01 1.500e+01 1.400e+01 1.300e+01
 1.100e+01 8.000e+00 7.000e+00 6.000e+00 5.000e+00 4.000e+00 3.000e+00
 2.000e+00 1.000e+00]"
47,24070,"[0.         2.         2.23606801 2.82842708 3.         3.1622777
 3.46410155 3.60555124 3.7416575  4.         4.12310553 4.2426405
 4.47213602 4.5825758  4.69041586 4.89897966 5.         5.09901953
 5.19615221 5.38516474 5.47722578 5.65685415 5.74456263 5.83095169
 6.         6.16441393 6.3245554  6.40312433 6.63324976 6.70820379
 7.         7.07106781 7.28010988 7.81024981 8.1240387 ]","[2.304e+03 1.930e+03 1.309e+03 8.990e+02 7.600e+02 7.110e+02 6.130e+02
 4.010e+02 3.800e+02 3.670e+02 2.840e+02 2.740e+02 1.970e+02 1.760e+02
 1.660e+02 1.200e+02 1.040e+02 1.010e+02 1.000e+02 5.900e+01 5.200e+01
 4.800e+01 3.600e+01 3.500e+01 2.300e+01 2.100e+01 1.600e+01 1.300e+01
 1.200e+01 7.000e+00 5.000e+00 4.000e+00 3.000e+00 2.000e+00 1.000e+00]"
48,10531,"[ 0.          2.          2.23606801  2.82842708  3.          3.1622777
  3.46410155  3.60555124  3.7416575   4.          4.12310553  4.2426405
  4.35889912  4.47213602  4.5825758   4.69041586  4.89897966  5.
  5.38516474  5.47722578  5.65685415  5.74456263  5.83095169  5.91608
  6.          6.16441393  6.3245554   6.40312433  6.63324976  6.70820379
  7.          7.07106781  7.21110249  7.48331499  7.8740077   8.48528099
  8.77496433  9.1651516   9.94987392 10.         11.40175438]","[2.304e+03 1.699e+03 9.400e+02 5.840e+02 4.730e+02 4.250e+02 3.520e+02
 2.450e+02 2.330e+02 2.260e+02 1.760e+02 1.700e+02 1.690e+02 1.240e+02
 1.100e+02 1.050e+02 8.200e+01 7.200e+01 4.900e+01 4.700e+01 4.600e+01
 3.800e+01 3.700e+01 3.600e+01 3.100e+01 2.800e+01 2.200e+01 2.000e+01
 1.500e+01 1.400e+01 1.300e+01 1.200e+01 1.100e+01 8.000e+00 7.000e+00
 6.000e+00 5.000e+00 4.000e+00 3.000e+00 2.000e+00 1.000e+00]"
49,17356,"[ 0.          2.          2.23606801  2.82842708  3.          3.1622777
  3.46410155  3.60555124  3.7416575   4.          4.12310553  4.2426405
  4.35889912  4.47213602  4.5825758   4.69041586  4.89897966  5.
  5.09901953  5.38516474  5.47722578  5.65685415  5.74456263  5.83095169
  5.91608     6.          6.08276272  6.16441393  6.3245554   6.40312433
  6.63324976  6.70820379  6.78233004  7.21110249  7.28010988  7.34846926
  7.48331499  7.54983425  7.81024981  8.06225777  8.24621105  8.30662346
  8.48528099  8.60232544  8.77496433  9.          9.21954441  9.43398094
  9.79795933 10.04987526 10.72380543 10.77032948 13.         16.76305389]","[2.304e+03 1.954e+03 1.441e+03 9.980e+02 8.480e+02 7.870e+02 6.680e+02
 4.680e+02 4.510e+02 4.360e+02 3.360e+02 3.260e+02 3.240e+02 2.370e+02
 2.150e+02 2.100e+02 1.720e+02 1.570e+02 1.480e+02 1.080e+02 1.040e+02
 9.900e+01 9.000e+01 8.500e+01 8.200e+01 7.600e+01 7.200e+01 6.700e+01
 5.300e+01 4.500e+01 4.100e+01 3.500e+01 3.400e+01 3.200e+01 2.600e+01
 2.500e+01 2.200e+01 2.100e+01 2.000e+01 1.800e+01 1.500e+01 1.400e+01
 1.300e+01 1.200e+01 1.000e+01 9.000e+00 8.000e+00 7.000e+00 6.000e+00
 5.000e+00 4.000e+00 3.000e+00 2.000e+00 1.000e+00]"
50,20494,"[0.         2.         2.23606801 2.82842708 3.         3.1622777
 3.46410155 3.60555124 3.7416575  4.         4.12310553 4.2426405
 4.47213602 4.5825758  4.89897966 5.         5.38516474 5.47722578
 5.65685415 5.74456263 5.83095169 6.         6.08276272 6.3245554
 6.40312433 6.55743837 6.63324976 6.70820379 7.21110249 7.28010988
 7.34846926 7.54983425 8.48528099]","[2.304e+03 1.535e+03 8.140e+02 4.250e+02 3.170e+02 2.790e+02 2.090e+02
 1.240e+02 1.120e+02 1.070e+02 8.100e+01 7.500e+01 5.100e+01 4.600e+01
 3.800e+01 3.300e+01 2.800e+01 2.700e+01 2.500e+01 2.300e+01 2.200e+01
 1.900e+01 1.800e+01 1.400e+01 1.200e+01 1.100e+01 9.000e+00 7.000e+00
 6.000e+00 4.000e+00 3.000e+00 2.000e+00 1.000e+00]"
51,2658,"[ 0.          2.          2.23606801  2.82842708  3.          3.1622777
  3.46410155  3.60555124  3.7416575   4.          4.12310553  4.2426405
  4.35889912  4.47213602  4.5825758   4.69041586  4.89897966  5.
  5.09901953  5.38516474  5.47722578  5.65685415  5.74456263  5.83095169
  5.91608     6.          6.08276272  6.16441393  6.3245554   6.40312433
  6.55743837  6.63324976  6.70820379  6.78233004  6.92820311  7.
  7.07106781  7.21110249  7.28010988  7.34846926  7.48331499  7.54983425
  7.6157732   7.81024981  7.8740077   8.1240387   8.24621105  8.36660004
  8.60232544  8.71779823  8.83176041  9.69536018 10.04987526 10.19803905
 10.48808861 10.77032948 10.81665421 10.95445156 12.32882786 22.56102753]","[2.304e+03 1.938e+03 1.417e+03 1.000e+03 8.540e+02 8.080e+02 6.930e+02
 5.040e+02 4.890e+02 4.760e+02 3.810e+02 3.680e+02 3.670e+02 2.720e+02
 2.550e+02 2.420e+02 1.880e+02 1.650e+02 1.580e+02 1.140e+02 1.130e+02
 1.090e+02 9.500e+01 8.700e+01 8.600e+01 7.600e+01 7.500e+01 6.800e+01
 6.100e+01 5.400e+01 5.300e+01 4.400e+01 4.100e+01 4.000e+01 3.700e+01
 3.500e+01 3.100e+01 3.000e+01 2.900e+01 2.700e+01 2.400e+01 2.300e+01
 2.000e+01 1.900e+01 1.800e+01 1.700e+01 1.500e+01 1.400e+01 1.300e+01
 1.200e+01 1.100e+01 1.000e+01 9.000e+00 7.000e+00 6.000e+00 5.000e+00
 4.000e+00 3.000e+00 2.000e+00 1.000e+00]"
52,6696,"[ 0.          2.          2.23606801  2.82842708  3.          3.1622777
  3.46410155  3.60555124  3.7416575   4.          4.12310553  4.2426405
  4.47213602  4.5825758   4.69041586  4.89897966  5.          5.09901953
  5.19615221  5.38516474  5.47722578  5.65685415  5.74456263  5.83095169
  6.          6.16441393  6.3245554   6.40312433  6.48074055  6.63324976
  6.70820379  6.92820311  7.          7.07106781  7.21110249  7.28010988
  7.48331499  7.54983425  7.6157732   7.81024981  8.06225777  8.24621105
  8.30662346  8.48528099  8.60232544  8.71779823  8.77496433  9.11043358
  9.1651516   9.21954441  9.2736187  10.19803905 10.81665421 10.86278057
 11.57583714 12.44989967]","[2.304e+03 1.783e+03 1.263e+03 8.760e+02 7.430e+02 6.960e+02 6.190e+02
 4.680e+02 4.530e+02 4.420e+02 3.630e+02 3.530e+02 2.730e+02 2.510e+02
 2.350e+02 1.840e+02 1.680e+02 1.660e+02 1.650e+02 1.240e+02 1.160e+02
 1.090e+02 9.900e+01 9.000e+01 8.000e+01 7.400e+01 6.300e+01 5.600e+01
 5.500e+01 5.300e+01 4.400e+01 4.200e+01 3.800e+01 3.600e+01 3.500e+01
 2.900e+01 2.700e+01 2.600e+01 2.500e+01 2.400e+01 2.200e+01 1.900e+01
 1.700e+01 1.600e+01 1.500e+01 1.400e+01 1.300e+01 1.200e+01 1.000e+01
 9.000e+00 8.000e+00 6.000e+00 5.000e+00 4.000e+00 2.000e+00 1.000e+00]"
53,19593,"[ 0.          2.          2.23606801  2.82842708  3.          3.1622777
  3.46410155  3.60555124  3.7416575   4.          4.12310553  4.2426405
  4.47213602  4.5825758   4.69041586  4.89897966  5.          5.09901953
  5.19615221  5.38516474  5.47722578  5.65685415  5.74456263  5.83095169
  6.          6.08276272  6.16441393  6.3245554   6.40312433  6.48074055
  6.63324976  6.70820379  6.78233004  6.92820311  7.          7.07106781
  7.21110249  7.28010988  7.34846926  7.48331499  7.54983425  7.6157732
  7.68114567  7.81024981  7.8740077   8.06225777  8.24621105  8.94427204
 10.         10.81665421 11.18033981]","[2.304e+03 2.003e+03 1.599e+03 1.212e+03 1.111e+03 1.074e+03 9.590e+02
 7.690e+02 7.460e+02 7.270e+02 5.920e+02 5.680e+02 4.410e+02 4.050e+02
 3.950e+02 3.400e+02 3.130e+02 3.010e+02 3.000e+02 2.230e+02 2.180e+02
 2.040e+02 1.740e+02 1.600e+02 1.310e+02 1.240e+02 1.180e+02 1.030e+02
 8.900e+01 8.500e+01 8.000e+01 6.200e+01 6.100e+01 5.900e+01 5.500e+01
 5.100e+01 4.300e+01 2.900e+01 2.600e+01 2.100e+01 1.800e+01 1.700e+01
 1.600e+01 1.400e+01 1.100e+01 7.000e+00 6.000e+00 5.000e+00 4.000e+00
 3.000e+00 1.000e+00]"
54,19081,"[0.         2.         2.23606801 2.82842708 3.         3.1622777
 3.46410155 3.60555124 3.7416575  4.         4.12310553 4.2426405
 4.35889912 4.47213602 4.5825758  4.69041586 4.89897966 5.
 5.09901953 5.38516474 5.47722578 5.65685415 5.74456263 5.83095169
 6.         6.16441393 6.3245554  6.40312433 6.63324976 6.70820379
 7.         7.21110249 7.28010988 7.34846926 7.48331499 7.54983425
 8.1240387  8.30662346 9.        ]","[2.304e+03 1.574e+03 8.960e+02 5.270e+02 3.910e+02 3.570e+02 3.010e+02
 1.930e+02 1.820e+02 1.790e+02 1.320e+02 1.270e+02 1.260e+02 9.100e+01
 8.400e+01 8.100e+01 5.800e+01 5.500e+01 5.300e+01 4.200e+01 4.000e+01
 3.600e+01 3.100e+01 3.000e+01 2.600e+01 2.200e+01 1.800e+01 1.600e+01
 1.400e+01 1.200e+01 1.100e+01 1.000e+01 9.000e+00 7.000e+00 6.000e+00
 4.000e+00 3.000e+00 2.000e+00 1.000e+00]"
55,18571,"[ 0.          2.          2.23606801  2.82842708  3.          3.1622777
  3.46410155  3.60555124  3.7416575   4.          4.12310553  4.2426405
  4.47213602  4.5825758   4.69041586  4.89897966  5.          5.09901953
  5.38516474  5.74456263  5.83095169  6.          6.3245554   6.40312433
  6.63324976  6.70820379  7.          7.28010988  7.34846926  7.48331499
  7.54983425  7.6157732   7.81024981  8.06225777  8.24621105  8.30662346
  8.48528099  8.54400349  8.71779823  9.21954441 10.63014603]","[2.304e+03 1.820e+03 1.164e+03 7.150e+02 5.760e+02 5.150e+02 4.380e+02
 2.690e+02 2.510e+02 2.460e+02 1.810e+02 1.750e+02 1.170e+02 1.140e+02
 1.110e+02 1.030e+02 9.700e+01 9.400e+01 7.100e+01 6.700e+01 6.000e+01
 5.600e+01 4.800e+01 4.600e+01 4.300e+01 4.100e+01 3.800e+01 3.100e+01
 2.900e+01 2.700e+01 2.300e+01 2.200e+01 2.100e+01 1.800e+01 1.000e+01
 6.000e+00 5.000e+00 4.000e+00 3.000e+00 2.000e+00 1.000e+00]"
56,5088,"[0.         2.         2.23606801 2.82842708 3.         3.1622777
 3.46410155 3.60555124 3.7416575  4.         4.12310553 4.2426405
 4.47213602 4.5825758  4.69041586 4.89897966 5.         5.09901953
 5.38516474 5.47722578 5.65685415 5.74456263 5.83095169 6.
 6.08276272 6.16441393 6.3245554  6.40312433 6.48074055 6.63324976
 6.70820379 7.21110249 7.28010988 7.34846926 8.06225777 8.48528099
 8.54400349]","[2.304e+03 1.490e+03 8.320e+02 4.780e+02 3.740e+02 3.260e+02 2.840e+02
 1.930e+02 1.860e+02 1.850e+02 1.550e+02 1.460e+02 9.900e+01 9.400e+01
 9.000e+01 8.000e+01 7.400e+01 7.300e+01 4.800e+01 4.700e+01 4.500e+01
 3.600e+01 3.400e+01 2.800e+01 2.500e+01 2.300e+01 1.500e+01 1.200e+01
 1.100e+01 9.000e+00 7.000e+00 6.000e+00 5.000e+00 4.000e+00 3.000e+00
 2.000e+00 1.000e+00]"
57,3567,"[ 0.          2.          2.23606801  2.82842708  3.          3.1622777
  3.46410155  3.60555124  3.7416575   4.          4.12310553  4.2426405
  4.47213602  4.5825758   4.69041586  4.89897966  5.          5.09901953
  5.38516474  5.65685415  5.74456263  5.83095169  6.          6.16441393
  6.3245554   6.40312433  6.55743837  6.63324976  6.70820379  6.92820311
  7.          7.28010988  7.54983425  8.06225777  8.1240387  11.3578167 ]","[2.304e+03 1.439e+03 7.710e+02 4.890e+02 3.820e+02 3.500e+02 2.890e+02
 1.970e+02 1.940e+02 1.910e+02 1.520e+02 1.440e+02 9.500e+01 8.400e+01
 7.900e+01 6.200e+01 5.300e+01 5.000e+01 3.500e+01 3.400e+01 3.300e+01
 3.000e+01 2.700e+01 2.600e+01 2.100e+01 1.800e+01 1.700e+01 1.200e+01
 9.000e+00 7.000e+00 6.000e+00 5.000e+00 4.000e+00 3.000e+00 2.000e+00
 1.000e+00]"
58,21849,"[ 0.          2.          2.23606801  2.82842708  3.          3.1622777
  3.46410155  3.60555124  3.7416575   4.          4.12310553  4.2426405
  4.35889912  4.47213602  4.5825758   4.69041586  4.89897966  5.
  5.09901953  5.19615221  5.38516474  5.47722578  5.65685415  5.74456263
  5.83095169  5.91608     6.          6.08276272  6.16441393  6.3245554
  6.40312433  6.63324976  6.70820379  7.28010988  7.34846926  7.54983425
  7.8740077   8.30662346  9.21954441  9.43398094 11.3578167  13.30413437
 26.1916008 ]","[2.304e+03 1.956e+03 1.435e+03 9.770e+02 7.830e+02 7.390e+02 5.920e+02
 3.870e+02 3.690e+02 3.580e+02 2.590e+02 2.480e+02 2.470e+02 1.640e+02
 1.470e+02 1.350e+02 1.050e+02 9.100e+01 8.500e+01 8.400e+01 4.600e+01
 4.400e+01 4.000e+01 3.600e+01 3.200e+01 3.100e+01 2.900e+01 2.800e+01
 2.500e+01 2.200e+01 2.000e+01 1.700e+01 1.500e+01 1.000e+01 9.000e+00
 8.000e+00 7.000e+00 6.000e+00 5.000e+00 4.000e+00 3.000e+00 2.000e+00
 1.000e+00]"
59,21124,"[ 0.          2.          2.23606801  2.82842708  3.          3.1622777
  3.46410155  3.60555124  3.7416575   4.          4.12310553  4.2426405
  4.47213602  4.5825758   4.69041586  4.89897966  5.          5.09901953
  5.38516474  5.47722578  5.65685415  5.74456263  5.83095169  6.
  6.16441393  6.3245554   6.40312433  6.63324976  6.70820379  6.92820311
  7.          7.21110249  7.28010988  7.48331499  7.8740077   8.06225777
  8.1240387   8.77496433  9.21954441  9.38083172  9.43398094 24.10394096]","[2.304e+03 1.761e+03 1.251e+03 8.770e+02 7.600e+02 7.110e+02 6.230e+02
 4.440e+02 4.240e+02 4.140e+02 3.320e+02 3.100e+02 2.150e+02 1.850e+02
 1.730e+02 1.350e+02 1.230e+02 1.210e+02 7.200e+01 6.900e+01 6.400e+01
 5.700e+01 5.200e+01 4.200e+01 4.000e+01 2.600e+01 2.400e+01 2.000e+01
 1.800e+01 1.700e+01 1.400e+01 1.200e+01 1.000e+01 9.000e+00 8.000e+00
 7.000e+00 6.000e+00 5.000e+00 4.000e+00 3.000e+00 2.000e+00 1.000e+00]"
60,25985,"[ 0.          2.          2.23606801  2.82842708  3.          3.1622777
  3.46410155  3.60555124  3.7416575   4.          4.12310553  4.2426405
  4.47213602  4.5825758   4.69041586  4.89897966  5.          5.09901953
  5.38516474  5.47722578  5.65685415  5.74456263  5.83095169  6.
  6.08276272  6.16441393  6.3245554   6.40312433  6.63324976  6.70820379
  7.          7.07106781  7.21110249  7.28010988  7.34846926  7.48331499
  7.54983425  7.81024981  8.06225777  8.24621105  9.64365101 10.2469511
 10.44030666 19.7484169 ]","[2.304e+03 1.510e+03 7.850e+02 5.160e+02 4.180e+02 3.950e+02 3.630e+02
 2.730e+02 2.670e+02 2.600e+02 2.290e+02 2.200e+02 1.510e+02 1.380e+02
 1.360e+02 1.150e+02 1.030e+02 1.010e+02 7.700e+01 7.300e+01 6.900e+01
 6.400e+01 6.000e+01 5.300e+01 5.100e+01 4.700e+01 3.600e+01 3.400e+01
 3.000e+01 2.400e+01 2.300e+01 2.100e+01 1.900e+01 1.400e+01 1.100e+01
 9.000e+00 8.000e+00 7.000e+00 6.000e+00 5.000e+00 4.000e+00 3.000e+00
 2.000e+00 1.000e+00]"
61,5052,"[ 0.          2.          2.23606801  2.82842708  3.          3.1622777
  3.46410155  3.60555124  3.7416575   4.          4.12310553  4.2426405
  4.47213602  4.5825758   4.69041586  4.89897966  5.          5.09901953
  5.38516474  5.47722578  5.65685415  5.74456263  5.83095169  6.
  6.08276272  6.16441393  6.3245554   6.40312433  6.63324976  6.70820379
  7.          7.07106781  7.28010988  7.34846926  7.48331499  7.54983425
  7.81024981  8.06225777  8.1240387   8.30662346  8.60232544  9.1651516
 10.63014603 12.88409901]","[2.304e+03 1.919e+03 1.306e+03 8.270e+02 6.830e+02 6.290e+02 5.340e+02
 3.490e+02 3.360e+02 3.260e+02 2.420e+02 2.290e+02 1.580e+02 1.430e+02
 1.360e+02 1.110e+02 9.900e+01 9.500e+01 7.100e+01 6.600e+01 6.200e+01
 5.300e+01 5.200e+01 4.700e+01 4.600e+01 4.300e+01 3.000e+01 2.900e+01
 2.600e+01 2.400e+01 2.200e+01 2.000e+01 1.600e+01 1.400e+01 1.100e+01
 1.000e+01 9.000e+00 7.000e+00 6.000e+00 5.000e+00 4.000e+00 3.000e+00
 2.000e+00 1.000e+00]"
62,24830,"[ 0.          2.          2.23606801  2.82842708  3.          3.1622777
  3.46410155  3.60555124  3.7416575   4.          4.12310553  4.2426405
  4.35889912  4.47213602  4.5825758   4.69041586  4.89897966  5.
  5.09901953  5.38516474  5.47722578  5.65685415  5.74456263  5.83095169
  6.          6.08276272  6.16441393  6.3245554   6.40312433  6.48074055
  6.63324976  6.70820379  7.          7.07106781  7.28010988  7.48331499
  7.54983425  7.81024981  8.06225777  8.24621105  8.48528099  8.60232544
  8.77496433  9.1651516   9.43398094 10.04987526 12.68857765 14.14213562]","[2.304e+03 1.862e+03 1.266e+03 8.440e+02 7.060e+02 6.410e+02 5.430e+02
 3.840e+02 3.670e+02 3.570e+02 2.720e+02 2.630e+02 2.620e+02 1.760e+02
 1.540e+02 1.470e+02 1.130e+02 9.800e+01 9.200e+01 6.600e+01 6.400e+01
 6.200e+01 5.400e+01 4.900e+01 4.100e+01 3.900e+01 3.700e+01 3.000e+01
 2.600e+01 2.400e+01 2.200e+01 2.100e+01 2.000e+01 1.900e+01 1.600e+01
 1.500e+01 1.300e+01 1.200e+01 1.100e+01 9.000e+00 8.000e+00 7.000e+00
 6.000e+00 5.000e+00 4.000e+00 3.000e+00 2.000e+00 1.000e+00]"
63,25218,"[ 0.          2.          2.23606801  2.82842708  3.          3.1622777
  3.46410155  3.60555124  3.7416575   4.          4.12310553  4.2426405
  4.47213602  4.5825758   4.69041586  4.89897966  5.          5.09901953
  5.38516474  5.47722578  5.65685415  5.74456263  5.83095169  5.91608
  6.          6.08276272  6.16441393  6.3245554   6.40312433  6.48074055
  6.63324976  6.70820379  7.          7.07106781  7.21110249  7.28010988
  7.34846926  7.48331499  7.54983425  7.6157732   7.81024981  8.
  8.06225777  8.24621105  8.30662346  8.48528099  8.60232544  9.1651516
  9.43398094 10.44030666 11.87434196 12.16552544]","[2.304e+03 1.792e+03 1.290e+03 9.100e+02 7.770e+02 7.330e+02 6.450e+02
 4.590e+02 4.490e+02 4.460e+02 3.740e+02 3.570e+02 2.600e+02 2.460e+02
 2.370e+02 2.080e+02 1.850e+02 1.750e+02 1.100e+02 1.050e+02 9.700e+01
 8.500e+01 8.200e+01 8.000e+01 6.800e+01 6.500e+01 5.900e+01 4.400e+01
 4.000e+01 3.900e+01 3.500e+01 2.700e+01 2.500e+01 2.400e+01 2.200e+01
 1.900e+01 1.800e+01 1.700e+01 1.500e+01 1.400e+01 1.300e+01 1.200e+01
 1.000e+01 9.000e+00 8.000e+00 7.000e+00 6.000e+00 5.000e+00 4.000e+00
 3.000e+00 2.000e+00 1.000e+00]"
64,11361,"[ 0.          2.          2.23606801  2.82842708  3.          3.1622777
  3.46410155  3.60555124  3.7416575   4.          4.12310553  4.2426405
  4.47213602  4.5825758   4.69041586  4.89897966  5.          5.09901953
  5.38516474  5.47722578  5.74456263  5.83095169  5.91608     6.
  6.08276272  6.16441393  6.3245554   6.40312433  6.63324976  6.78233004
  7.07106781  7.28010988  7.48331499  7.54983425  8.24621105  8.77496433
  9.1651516   9.21954441 10.19803905 10.95445156 12.64911079 13.11487675
 14.14213562]","[2.304e+03 1.757e+03 1.026e+03 6.270e+02 5.210e+02 4.730e+02 3.840e+02
 2.550e+02 2.480e+02 2.420e+02 1.860e+02 1.800e+02 1.300e+02 1.190e+02
 1.030e+02 9.100e+01 7.700e+01 7.500e+01 4.900e+01 4.600e+01 4.200e+01
 3.700e+01 3.600e+01 3.500e+01 3.300e+01 3.000e+01 2.200e+01 1.900e+01
 1.600e+01 1.500e+01 1.400e+01 1.200e+01 1.100e+01 1.000e+01 9.000e+00
 8.000e+00 7.000e+00 6.000e+00 5.000e+00 4.000e+00 3.000e+00 2.000e+00
 1.000e+00]"
65,17993,"[ 0.          2.          2.23606801  2.82842708  3.          3.1622777
  3.46410155  3.60555124  3.7416575   4.          4.12310553  4.2426405
  4.35889912  4.47213602  4.5825758   4.69041586  4.89897966  5.
  5.09901953  5.38516474  5.47722578  5.65685415  5.74456263  5.83095169
  6.          6.08276272  6.16441393  6.3245554   6.40312433  6.63324976
  6.70820379  7.          7.07106781  7.21110249  7.34846926  7.48331499
  7.54983425  8.06225777  8.24621105  8.48528099 10.19803905 14.56021976
 17.49285507 20.85665321]","[2.304e+03 1.439e+03 9.590e+02 6.850e+02 5.790e+02 5.390e+02 4.830e+02
 3.510e+02 3.410e+02 3.330e+02 2.730e+02 2.620e+02 2.600e+02 1.810e+02
 1.640e+02 1.560e+02 1.210e+02 1.040e+02 1.030e+02 6.900e+01 6.400e+01
 5.900e+01 5.200e+01 4.700e+01 3.900e+01 3.700e+01 3.500e+01 2.900e+01
 2.700e+01 2.200e+01 1.900e+01 1.700e+01 1.500e+01 1.400e+01 1.200e+01
 1.100e+01 1.000e+01 9.000e+00 6.000e+00 5.000e+00 4.000e+00 3.000e+00
 2.000e+00 1.000e+00]"
66,17182,"[ 0.          2.          2.23606801  2.82842708  3.          3.1622777
  3.46410155  3.60555124  3.7416575   4.          4.12310553  4.2426405
  4.47213602  4.5825758   4.69041586  4.89897966  5.          5.09901953
  5.19615221  5.38516474  5.47722578  5.65685415  5.74456263  5.83095169
  5.91608     6.          6.3245554   6.40312433  6.63324976  6.70820379
  7.          7.21110249  7.28010988  7.6157732   9.21954441 14.21267033]","[2.304e+03 1.903e+03 1.264e+03 7.900e+02 6.490e+02 5.860e+02 4.830e+02
 3.090e+02 2.910e+02 2.860e+02 2.140e+02 2.080e+02 1.270e+02 1.130e+02
 1.030e+02 8.300e+01 7.500e+01 7.300e+01 7.200e+01 4.100e+01 4.000e+01
 3.600e+01 3.000e+01 2.600e+01 2.500e+01 2.100e+01 1.500e+01 1.400e+01
 1.200e+01 8.000e+00 6.000e+00 5.000e+00 4.000e+00 3.000e+00 2.000e+00
 1.000e+00]"
67,14149,"[ 0.          2.          2.23606801  2.82842708  3.          3.1622777
  3.46410155  3.60555124  3.7416575   4.          4.12310553  4.2426405
  4.47213602  4.5825758   4.69041586  4.89897966  5.          5.38516474
  5.47722578  5.65685415  5.74456263  6.3245554   6.40312433  6.70820379
  6.78233004  7.          7.21110249  7.54983425  7.6157732   8.24621105
 11.57583714]","[2.304e+03 1.445e+03 6.170e+02 3.150e+02 2.160e+02 1.770e+02 1.500e+02
 9.700e+01 9.400e+01 8.900e+01 6.900e+01 6.700e+01 4.000e+01 3.900e+01
 3.800e+01 3.700e+01 3.200e+01 2.700e+01 2.600e+01 2.200e+01 2.100e+01
 1.600e+01 1.500e+01 1.200e+01 1.100e+01 9.000e+00 7.000e+00 6.000e+00
 5.000e+00 2.000e+00 1.000e+00]"
68,2462,"[ 0.          2.          2.23606801  2.82842708  3.          3.1622777
  3.46410155  3.60555124  3.7416575   4.          4.12310553  4.2426405
  4.47213602  4.5825758   4.69041586  4.89897966  5.          5.09901953
  5.38516474  5.65685415  5.74456263  5.83095169  6.08276272  6.16441393
  6.3245554   6.40312433  6.70820379  7.07106781  7.28010988  7.8740077
  8.06225777  8.18535233  8.24621105  8.30662346  9.21954441 10.19803905
 10.29563046 10.63014603 11.18033981 17.80449295 18.46618462]","[2.304e+03 1.520e+03 7.800e+02 4.570e+02 3.490e+02 3.160e+02 2.690e+02
 1.810e+02 1.760e+02 1.710e+02 1.250e+02 1.190e+02 7.700e+01 7.500e+01
 7.200e+01 6.100e+01 5.400e+01 5.300e+01 3.600e+01 3.500e+01 2.700e+01
 2.500e+01 2.400e+01 2.200e+01 1.800e+01 1.700e+01 1.500e+01 1.400e+01
 1.300e+01 1.200e+01 1.100e+01 1.000e+01 9.000e+00 8.000e+00 7.000e+00
 6.000e+00 5.000e+00 4.000e+00 3.000e+00 2.000e+00 1.000e+00]"
69,13850,"[ 0.          2.          2.23606801  2.82842708  3.          3.1622777
  3.46410155  3.60555124  3.7416575   4.          4.12310553  4.2426405
  4.47213602  4.5825758   4.69041586  4.89897966  5.          5.09901953
  5.38516474  5.47722578  5.65685415  5.74456263  5.83095169  6.
  6.16441393  6.3245554   6.40312433  6.63324976  6.70820379  7.
  7.07106781  7.28010988  7.54983425  8.06225777  8.30662346  8.48528099
  9.21954441 14.14213562]","[2.304e+03 1.808e+03 1.189e+03 8.100e+02 6.820e+02 6.330e+02 5.560e+02
 3.710e+02 3.590e+02 3.530e+02 2.640e+02 2.440e+02 1.590e+02 1.480e+02
 1.440e+02 1.110e+02 9.900e+01 9.600e+01 6.000e+01 5.700e+01 5.400e+01
 4.400e+01 4.300e+01 3.400e+01 3.300e+01 2.200e+01 1.600e+01 1.500e+01
 1.200e+01 1.100e+01 1.000e+01 7.000e+00 6.000e+00 5.000e+00 4.000e+00
 3.000e+00 2.000e+00 1.000e+00]"
70,5409,"[ 0.          2.          2.23606801  2.82842708  3.          3.1622777
  3.46410155  3.60555124  3.7416575   4.          4.12310553  4.2426405
  4.47213602  4.5825758   4.69041586  4.89897966  5.          5.09901953
  5.38516474  5.47722578  5.65685415  5.74456263  5.83095169  5.91608
  6.          6.08276272  6.16441393  6.3245554   6.40312433  6.63324976
  6.70820379  6.78233004  7.          7.21110249  7.28010988  7.48331499
  7.54983425  8.06225777  8.36660004  8.48528099  8.83176041 10.34407997
 10.63014603]","[2.304e+03 1.578e+03 8.050e+02 4.790e+02 3.720e+02 3.490e+02 3.120e+02
 2.250e+02 2.210e+02 2.180e+02 1.860e+02 1.790e+02 1.210e+02 1.140e+02
 1.100e+02 9.500e+01 8.900e+01 8.700e+01 6.400e+01 6.300e+01 5.700e+01
 5.100e+01 4.700e+01 4.500e+01 3.900e+01 3.800e+01 3.400e+01 3.000e+01
 2.300e+01 2.000e+01 1.800e+01 1.700e+01 1.600e+01 1.500e+01 1.000e+01
 9.000e+00 7.000e+00 6.000e+00 5.000e+00 4.000e+00 3.000e+00 2.000e+00
 1.000e+00]"
71,19082,"[ 0.          2.          2.23606801  2.82842708  3.          3.1622777
  3.46410155  3.60555124  3.7416575   4.          4.12310553  4.2426405
  4.47213602  4.5825758   4.69041586  4.89897966  5.          5.09901953
  5.38516474  5.47722578  5.65685415  5.74456263  5.83095169  6.
  6.08276272  6.16441393  6.3245554   6.40312433  6.63324976  6.70820379
  7.          7.07106781  7.21110249  7.28010988  7.34846926  7.48331499
  7.54983425  7.6157732   7.8740077   8.06225777  8.24621105  8.48528099
  8.60232544  8.77496433  8.83176041  9.          9.21954441  9.2736187
  9.43398094 10.19803905 11.18033981 11.53256226 14.3178215 ]","[2.304e+03 1.584e+03 9.670e+02 6.820e+02 5.810e+02 5.500e+02 4.960e+02
 3.790e+02 3.660e+02 3.590e+02 3.040e+02 2.920e+02 2.060e+02 1.950e+02
 1.880e+02 1.590e+02 1.480e+02 1.460e+02 1.080e+02 1.030e+02 1.000e+02
 9.100e+01 8.800e+01 7.400e+01 7.300e+01 7.000e+01 5.300e+01 5.100e+01
 4.700e+01 4.400e+01 4.300e+01 4.100e+01 3.900e+01 2.900e+01 2.800e+01
 2.400e+01 2.200e+01 2.100e+01 1.900e+01 1.800e+01 1.600e+01 1.400e+01
 1.300e+01 1.200e+01 1.100e+01 1.000e+01 9.000e+00 7.000e+00 6.000e+00
 4.000e+00 3.000e+00 2.000e+00 1.000e+00]"
72,23506,"[ 0.          2.          2.23606801  2.82842708  3.          3.1622777
  3.46410155  3.60555124  3.7416575   4.          4.12310553  4.2426405
  4.47213602  4.5825758   4.69041586  4.89897966  5.          5.09901953
  5.38516474  5.65685415  5.74456263  5.83095169  6.          6.08276272
  6.16441393  6.3245554   6.40312433  6.55743837  6.63324976  6.70820379
  6.78233004  7.21110249  7.28010988  7.6157732   8.24621105  8.30662346
  9.21954441  9.43398094  9.69536018 14.45683193]","[2.304e+03 1.888e+03 1.289e+03 8.010e+02 6.660e+02 6.030e+02 5.120e+02
 3.260e+02 3.080e+02 2.970e+02 2.320e+02 2.090e+02 1.340e+02 1.240e+02
 1.150e+02 9.400e+01 8.100e+01 7.600e+01 4.800e+01 4.700e+01 4.100e+01
 3.400e+01 3.000e+01 2.900e+01 2.700e+01 2.100e+01 1.900e+01 1.800e+01
 1.600e+01 1.400e+01 1.300e+01 1.100e+01 9.000e+00 8.000e+00 7.000e+00
 6.000e+00 5.000e+00 4.000e+00 2.000e+00 1.000e+00]"
73,16962,"[0.         2.         2.23606801 2.82842708 3.         3.1622777
 3.46410155 3.60555124 4.12310553 4.2426405  4.47213602 4.89897966
 5.         5.38516474 5.74456263 6.16441393 6.55743837]","[2.304e+03 1.115e+03 3.190e+02 1.420e+02 6.500e+01 4.600e+01 3.700e+01
 2.100e+01 1.500e+01 1.400e+01 8.000e+00 6.000e+00 5.000e+00 4.000e+00
 3.000e+00 2.000e+00 1.000e+00]"
74,23995,"[ 0.          2.          2.23606801  2.82842708  3.          3.1622777
  3.46410155  3.60555124  3.7416575   4.          4.12310553  4.2426405
  4.47213602  4.5825758   4.69041586  4.89897966  5.          5.09901953
  5.38516474  5.65685415  5.74456263  5.83095169  5.91608     6.
  6.08276272  6.16441393  6.3245554   6.40312433  6.63324976  6.70820379
  7.07106781  7.28010988  7.34846926  8.06225777  8.30662346 10.19803905
 12.        ]","[2.304e+03 1.735e+03 1.110e+03 7.050e+02 5.800e+02 5.190e+02 4.400e+02
 2.820e+02 2.730e+02 2.660e+02 2.100e+02 1.930e+02 1.000e+02 9.200e+01
 8.900e+01 7.100e+01 6.500e+01 6.100e+01 3.400e+01 2.900e+01 2.400e+01
 2.200e+01 2.100e+01 2.000e+01 1.900e+01 1.700e+01 1.400e+01 1.200e+01
 1.100e+01 9.000e+00 8.000e+00 7.000e+00 5.000e+00 4.000e+00 3.000e+00
 2.000e+00 1.000e+00]"
75,9177,"[ 0.          2.          2.23606801  2.82842708  3.          3.1622777
  3.46410155  3.60555124  3.7416575   4.          4.12310553  4.2426405
  4.35889912  4.47213602  4.5825758   4.69041586  4.89897966  5.
  5.09901953  5.19615221  5.38516474  5.47722578  5.65685415  5.74456263
  5.83095169  6.          6.08276272  6.16441393  6.3245554   6.40312433
  6.63324976  6.70820379  7.          7.07106781  7.21110249  7.28010988
  7.34846926  7.48331499  7.54983425  7.6157732   7.81024981  7.8740077
  8.          8.06225777  8.24621105  8.30662346  8.48528099  8.60232544
  9.21954441  9.43398094  9.48683262 10.04987526 10.19803905 11.18033981
 11.3578167  12.68857765 14.03566837 18.11077118]","[2.304e+03 1.821e+03 1.269e+03 9.160e+02 7.970e+02 7.510e+02 6.790e+02
 5.290e+02 5.180e+02 5.040e+02 4.150e+02 3.990e+02 3.980e+02 3.140e+02
 2.960e+02 2.850e+02 2.390e+02 2.160e+02 2.030e+02 2.020e+02 1.450e+02
 1.420e+02 1.370e+02 1.220e+02 1.180e+02 1.030e+02 1.000e+02 9.700e+01
 8.100e+01 7.200e+01 6.500e+01 5.900e+01 5.500e+01 5.100e+01 4.900e+01
 3.900e+01 3.800e+01 3.400e+01 3.200e+01 3.000e+01 2.800e+01 2.700e+01
 2.600e+01 2.300e+01 1.900e+01 1.700e+01 1.400e+01 1.300e+01 1.100e+01
 9.000e+00 8.000e+00 7.000e+00 6.000e+00 5.000e+00 4.000e+00 3.000e+00
 2.000e+00 1.000e+00]"
76,6478,"[ 0.          2.          2.23606801  2.82842708  3.          3.1622777
  3.46410155  3.60555124  3.7416575   4.          4.12310553  4.2426405
  4.35889912  4.47213602  4.5825758   4.69041586  4.89897966  5.
  5.09901953  5.19615221  5.38516474  5.47722578  5.65685415  5.74456263
  5.83095169  6.          6.08276272  6.16441393  6.3245554   6.40312433
  6.48074055  6.55743837  6.63324976  6.70820379  6.78233004  6.92820311
  7.          7.07106781  7.21110249  7.28010988  7.34846926  7.48331499
  7.54983425  7.6157732   7.81024981  8.1240387   8.24621105  8.30662346
  8.60232544  8.77496433  8.83176041  9.          9.21954441  9.43398094
 10.19803905 10.67707825 10.81665421 11.04536057 11.3578167  11.66190338
 12.04159451 12.68857765 15.06651878]","[2.304e+03 1.912e+03 1.441e+03 1.074e+03 9.380e+02 8.830e+02 7.860e+02
 6.000e+02 5.820e+02 5.670e+02 4.670e+02 4.550e+02 4.540e+02 3.400e+02
 3.220e+02 3.140e+02 2.750e+02 2.430e+02 2.400e+02 2.390e+02 1.780e+02
 1.760e+02 1.690e+02 1.530e+02 1.450e+02 1.280e+02 1.260e+02 1.170e+02
 9.300e+01 8.700e+01 8.500e+01 8.400e+01 8.100e+01 7.300e+01 7.200e+01
 7.100e+01 6.100e+01 5.700e+01 5.100e+01 4.200e+01 3.900e+01 3.400e+01
 2.900e+01 2.800e+01 2.600e+01 2.500e+01 2.100e+01 1.900e+01 1.800e+01
 1.700e+01 1.600e+01 1.400e+01 1.300e+01 1.200e+01 1.000e+01 9.000e+00
 8.000e+00 7.000e+00 5.000e+00 4.000e+00 3.000e+00 2.000e+00 1.000e+00]"
77,9391,"[ 0.          2.          2.23606801  2.82842708  3.          3.1622777
  3.46410155  3.60555124  3.7416575   4.          4.12310553  4.2426405
  4.47213602  4.5825758   4.69041586  4.89897966  5.          5.09901953
  5.38516474  5.65685415  5.74456263  5.83095169  5.91608     6.
  6.3245554   6.40312433  6.63324976  6.70820379  7.          7.07106781
  7.28010988  7.34846926  7.48331499  7.54983425  7.6157732   7.81024981
  8.24621105  8.30662346  8.48528099  8.54400349  8.71779823  8.83176041
  9.1651516   9.21954441  9.43398094 10.04987526 10.09950447 10.95445156
 11.57583714 12.96148109]","[2.304e+03 1.607e+03 8.780e+02 5.290e+02 4.240e+02 3.910e+02 3.500e+02
 2.530e+02 2.480e+02 2.390e+02 2.040e+02 1.910e+02 1.420e+02 1.360e+02
 1.310e+02 1.160e+02 1.070e+02 1.030e+02 8.100e+01 8.000e+01 7.500e+01
 7.000e+01 6.900e+01 6.800e+01 5.800e+01 5.200e+01 4.700e+01 4.200e+01
 4.000e+01 3.900e+01 3.500e+01 3.400e+01 3.000e+01 2.900e+01 2.700e+01
 2.400e+01 2.200e+01 1.500e+01 1.400e+01 1.300e+01 1.200e+01 9.000e+00
 8.000e+00 7.000e+00 6.000e+00 5.000e+00 4.000e+00 3.000e+00 2.000e+00
 1.000e+00]"
78,24710,"[0.         2.         2.23606801 2.82842708 3.         3.1622777
 3.46410155 3.60555124 3.7416575  4.         4.12310553 4.2426405
 4.47213602 4.5825758  4.69041586 4.89897966 5.         5.09901953
 5.19615221 5.38516474 5.47722578 5.65685415 5.74456263 5.83095169
 6.         6.16441393 6.3245554  6.40312433 6.48074055 6.63324976
 6.70820379 7.         7.07106781 7.28010988 7.34846926 7.48331499
 7.54983425 7.81024981 7.8740077  8.06225777 8.18535233 8.24621105
 8.30662346 9.        ]","[2.304e+03 1.757e+03 1.051e+03 6.800e+02 5.680e+02 5.340e+02 4.720e+02
 3.450e+02 3.300e+02 3.230e+02 2.780e+02 2.700e+02 1.970e+02 1.830e+02
 1.750e+02 1.540e+02 1.410e+02 1.400e+02 1.380e+02 9.300e+01 9.000e+01
 8.800e+01 7.900e+01 7.500e+01 7.200e+01 6.500e+01 5.400e+01 4.400e+01
 4.300e+01 3.500e+01 3.400e+01 2.900e+01 2.700e+01 2.000e+01 1.900e+01
 1.500e+01 1.400e+01 1.000e+01 8.000e+00 7.000e+00 5.000e+00 3.000e+00
 2.000e+00 1.000e+00]"
79,12570,"[ 0.          2.          2.23606801  2.82842708  3.          3.1622777
  3.46410155  3.60555124  3.7416575   4.          4.12310553  4.2426405
  4.47213602  4.5825758   4.69041586  4.89897966  5.          5.09901953
  5.19615221  5.38516474  5.47722578  5.65685415  5.74456263  5.83095169
  5.91608     6.          6.08276272  6.16441393  6.3245554   6.40312433
  6.48074055  6.55743837  6.63324976  6.70820379  6.78233004  6.92820311
  7.          7.07106781  7.21110249  7.28010988  7.34846926  7.48331499
  7.54983425  7.6157732   7.68114567  7.81024981  7.8740077   8.
  8.06225777  8.1240387   8.24621105  8.30662346  8.36660004  8.48528099
  8.54400349  8.60232544  8.77496433  8.83176041  9.1651516   9.21954441
  9.64365101  9.69536018 10.04987526 10.19803905 10.29563046 10.77032948
 11.18033981]","[2.304e+03 1.846e+03 1.459e+03 1.112e+03 9.920e+02 9.560e+02 8.650e+02
 6.600e+02 6.430e+02 6.270e+02 5.170e+02 4.960e+02 3.610e+02 3.290e+02
 3.160e+02 2.690e+02 2.440e+02 2.360e+02 2.350e+02 1.800e+02 1.790e+02
 1.690e+02 1.600e+02 1.550e+02 1.540e+02 1.420e+02 1.410e+02 1.330e+02
 1.180e+02 1.030e+02 1.000e+02 9.900e+01 9.300e+01 8.500e+01 8.400e+01
 8.300e+01 7.800e+01 7.400e+01 7.100e+01 5.700e+01 5.600e+01 5.100e+01
 4.800e+01 4.600e+01 4.400e+01 4.200e+01 4.000e+01 3.900e+01 3.200e+01
 3.100e+01 2.900e+01 2.800e+01 2.700e+01 2.400e+01 2.300e+01 2.200e+01
 1.800e+01 1.700e+01 1.500e+01 1.100e+01 9.000e+00 8.000e+00 6.000e+00
 5.000e+00 4.000e+00 2.000e+00 1.000e+00]"
80,20080,"[0.         2.         2.23606801 2.82842708 3.         3.1622777
 3.46410155 3.60555124 3.7416575  4.         4.12310553 4.2426405
 4.35889912 4.47213602 4.5825758  4.69041586 4.89897966 5.
 5.09901953 5.38516474 5.47722578 5.65685415 5.74456263 6.
 6.16441393 6.3245554  6.40312433 6.63324976 6.70820379 6.92820311
 7.         7.07106781 7.21110249 7.28010988 7.34846926 7.48331499
 8.24621105]","[2.304e+03 1.792e+03 1.153e+03 7.800e+02 6.360e+02 5.860e+02 5.080e+02
 3.580e+02 3.380e+02 3.300e+02 2.530e+02 2.410e+02 2.390e+02 1.770e+02
 1.580e+02 1.500e+02 1.160e+02 1.020e+02 9.600e+01 6.600e+01 6.500e+01
 6.300e+01 4.600e+01 4.300e+01 3.800e+01 3.300e+01 2.700e+01 2.300e+01
 1.700e+01 1.500e+01 1.200e+01 1.100e+01 9.000e+00 6.000e+00 5.000e+00
 3.000e+00 1.000e+00]"
81,8761,"[ 0.          2.          2.23606801  2.82842708  3.          3.1622777
  3.46410155  3.60555124  3.7416575   4.          4.12310553  4.2426405
  4.47213602  4.5825758   4.69041586  4.89897966  5.          5.09901953
  5.19615221  5.38516474  5.47722578  5.65685415  5.74456263  5.83095169
  6.          6.08276272  6.16441393  6.3245554   6.40312433  6.55743837
  6.63324976  6.70820379  6.78233004  6.92820311  7.          7.07106781
  7.21110249  7.28010988  7.34846926  7.48331499  7.54983425  7.68114567
  7.81024981  7.8740077   8.1240387   8.24621105  8.48528099  9.11043358
  9.21954441  9.43398094 10.2469511  10.77032948 13.30413437 13.60147095
 14.14213562]","[2.304e+03 1.888e+03 1.340e+03 9.590e+02 8.380e+02 7.980e+02 7.000e+02
 5.520e+02 5.400e+02 5.300e+02 4.370e+02 4.230e+02 3.180e+02 2.970e+02
 2.860e+02 2.340e+02 2.090e+02 2.000e+02 1.990e+02 1.360e+02 1.340e+02
 1.300e+02 1.140e+02 1.080e+02 8.900e+01 8.800e+01 8.200e+01 6.800e+01
 6.000e+01 5.900e+01 5.000e+01 4.000e+01 3.900e+01 3.800e+01 3.500e+01
 3.400e+01 3.300e+01 3.100e+01 2.800e+01 2.500e+01 2.100e+01 2.000e+01
 1.800e+01 1.500e+01 1.300e+01 1.100e+01 1.000e+01 9.000e+00 8.000e+00
 6.000e+00 5.000e+00 4.000e+00 3.000e+00 2.000e+00 1.000e+00]"
82,2382,"[ 0.          2.          2.23606801  2.82842708  3.          3.1622777
  3.46410155  3.60555124  3.7416575   4.          4.12310553  4.2426405
  4.47213602  4.5825758   4.69041586  4.89897966  5.          5.09901953
  5.19615221  5.38516474  5.47722578  5.65685415  5.74456263  5.83095169
  6.          6.08276272  6.16441393  6.3245554   6.40312433  6.63324976
  6.70820379  7.          7.07106781  7.21110249  7.28010988  7.34846926
  7.48331499  7.54983425  8.06225777  8.24621105  8.48528099  8.60232544
  8.83176041  9.          9.43398094  9.84885788 10.81665421]","[2.304e+03 1.740e+03 1.135e+03 7.650e+02 6.260e+02 5.850e+02 4.800e+02
 3.300e+02 3.210e+02 3.030e+02 2.510e+02 2.440e+02 1.780e+02 1.620e+02
 1.530e+02 1.190e+02 1.080e+02 1.030e+02 1.020e+02 7.000e+01 6.300e+01
 6.200e+01 5.800e+01 5.200e+01 4.900e+01 4.800e+01 4.500e+01 3.800e+01
 3.200e+01 2.900e+01 2.600e+01 2.500e+01 2.400e+01 2.300e+01 2.100e+01
 1.900e+01 1.700e+01 1.400e+01 1.300e+01 1.100e+01 7.000e+00 6.000e+00
 5.000e+00 4.000e+00 3.000e+00 2.000e+00 1.000e+00]"
83,14321,"[ 0.          2.          2.23606801  2.82842708  3.          3.1622777
  3.46410155  3.60555124  3.7416575   4.          4.12310553  4.2426405
  4.35889912  4.47213602  4.5825758   4.69041586  4.89897966  5.
  5.09901953  5.38516474  5.47722578  5.65685415  5.74456263  5.83095169
  5.91608     6.          6.16441393  6.3245554   6.40312433  6.63324976
  6.70820379  7.          7.07106781  7.21110249  7.28010988  7.48331499
  7.54983425  7.6157732   7.8740077   8.06225777  8.24621105  8.48528099
  8.60232544  8.66025448  9.1651516   9.43398094  9.94987392 10.04987526
 10.19803905 10.2469511  11.31370831 11.57583714 12.68857765]","[2.304e+03 1.704e+03 1.117e+03 7.450e+02 6.290e+02 5.840e+02 5.200e+02
 3.750e+02 3.630e+02 3.600e+02 2.830e+02 2.760e+02 2.740e+02 2.030e+02
 1.890e+02 1.810e+02 1.420e+02 1.290e+02 1.240e+02 9.000e+01 8.900e+01
 8.500e+01 7.700e+01 7.000e+01 6.900e+01 6.500e+01 6.200e+01 5.200e+01
 4.400e+01 3.900e+01 3.300e+01 3.100e+01 3.000e+01 2.900e+01 2.200e+01
 2.100e+01 2.000e+01 1.900e+01 1.800e+01 1.700e+01 1.600e+01 1.400e+01
 1.300e+01 1.200e+01 9.000e+00 8.000e+00 7.000e+00 6.000e+00 5.000e+00
 4.000e+00 3.000e+00 2.000e+00 1.000e+00]"
84,25425,"[ 0.          2.          2.23606801  2.82842708  3.          3.1622777
  3.46410155  3.60555124  3.7416575   4.          4.12310553  4.2426405
  4.47213602  4.5825758   4.69041586  4.89897966  5.          5.09901953
  5.38516474  5.47722578  5.65685415  5.74456263  5.83095169  5.91608
  6.          6.08276272  6.16441393  6.3245554   6.40312433  6.55743837
  6.63324976  6.70820379  6.92820311  7.          7.07106781  7.21110249
  7.28010988  7.48331499  7.54983425  7.81024981  8.06225777  8.24621105
  8.30662346  8.60232544  8.71779823  8.83176041  8.94427204  9.64365101
  9.89949512 10.67707825 11.3578167  14.45683193 16.12451553]","[2.304e+03 1.833e+03 1.165e+03 7.390e+02 6.160e+02 5.540e+02 4.680e+02
 3.070e+02 2.940e+02 2.830e+02 2.310e+02 2.240e+02 1.650e+02 1.490e+02
 1.430e+02 1.130e+02 1.000e+02 9.900e+01 7.600e+01 7.500e+01 7.400e+01
 6.700e+01 6.200e+01 6.100e+01 5.700e+01 5.400e+01 5.200e+01 4.100e+01
 3.600e+01 3.500e+01 3.300e+01 3.100e+01 2.800e+01 2.700e+01 2.500e+01
 2.400e+01 2.200e+01 2.000e+01 1.900e+01 1.700e+01 1.400e+01 1.300e+01
 1.200e+01 1.100e+01 1.000e+01 9.000e+00 8.000e+00 6.000e+00 5.000e+00
 4.000e+00 3.000e+00 2.000e+00 1.000e+00]"
85,20308,"[ 0.          2.          2.23606801  2.82842708  3.          3.1622777
  3.46410155  3.60555124  3.7416575   4.          4.12310553  4.2426405
  4.47213602  4.5825758   4.69041586  4.89897966  5.          5.09901953
  5.38516474  5.47722578  5.65685415  5.74456263  5.83095169  6.
  6.08276272  6.16441393  6.3245554   6.40312433  6.48074055  6.63324976
  6.70820379  7.          7.07106781  7.14142847  7.21110249  7.28010988
  7.34846926  7.48331499  7.54983425  7.6157732   7.8740077   8.06225777
  8.24621105  8.30662346  8.60232544  9.          9.48683262 15.65247631]","[2.304e+03 1.853e+03 1.275e+03 8.770e+02 7.590e+02 7.080e+02 6.170e+02
 4.460e+02 4.340e+02 4.220e+02 3.340e+02 3.170e+02 2.130e+02 1.960e+02
 1.870e+02 1.520e+02 1.360e+02 1.340e+02 9.200e+01 9.000e+01 8.400e+01
 7.800e+01 7.600e+01 6.900e+01 6.600e+01 6.000e+01 5.100e+01 4.600e+01
 4.500e+01 4.100e+01 3.700e+01 3.400e+01 3.300e+01 3.100e+01 2.900e+01
 2.500e+01 2.400e+01 1.600e+01 1.200e+01 1.100e+01 9.000e+00 7.000e+00
 6.000e+00 5.000e+00 4.000e+00 3.000e+00 2.000e+00 1.000e+00]"
86,10020,"[0.         2.         2.23606801 2.82842708 3.         3.1622777
 3.46410155 3.60555124 3.7416575  4.         4.12310553 4.2426405
 4.35889912 4.47213602 4.5825758  4.69041586 4.89897966 5.
 5.09901953 5.19615221 5.38516474 5.47722578 5.74456263 6.
 6.16441393 6.3245554  6.40312433 6.55743837 6.70820379 7.
 7.21110249 7.28010988 8.71779823]","[2.304e+03 1.832e+03 1.194e+03 7.010e+02 5.690e+02 5.170e+02 4.390e+02
 2.860e+02 2.600e+02 2.510e+02 1.780e+02 1.710e+02 1.700e+02 9.600e+01
 8.800e+01 7.900e+01 6.200e+01 5.200e+01 4.800e+01 4.600e+01 2.600e+01
 2.500e+01 2.300e+01 1.800e+01 1.700e+01 1.100e+01 1.000e+01 9.000e+00
 8.000e+00 6.000e+00 5.000e+00 2.000e+00 1.000e+00]"
87,21480,"[ 0.          2.          2.23606801  2.82842708  3.          3.1622777
  3.46410155  3.60555124  3.7416575   4.          4.12310553  4.2426405
  4.35889912  4.47213602  4.5825758   4.69041586  4.89897966  5.
  5.09901953  5.38516474  5.65685415  5.74456263  5.83095169  5.91608
  6.          6.16441393  6.3245554   6.40312433  6.48074055  6.63324976
  6.70820379  6.78233004  7.          7.07106781  7.21110249  7.28010988
  7.34846926  7.48331499  7.6157732   7.81024981  8.06225777  8.24621105
  8.30662346  8.60232544  9.1651516  10.19803905 10.72380543 13.15294647]","[2.304e+03 1.689e+03 1.058e+03 7.140e+02 5.850e+02 5.290e+02 4.670e+02
 3.140e+02 3.050e+02 3.000e+02 2.370e+02 2.270e+02 2.260e+02 1.600e+02
 1.480e+02 1.470e+02 1.280e+02 1.170e+02 1.120e+02 7.000e+01 6.700e+01
 6.400e+01 6.200e+01 6.100e+01 5.800e+01 5.600e+01 4.700e+01 4.100e+01
 4.000e+01 3.200e+01 2.600e+01 2.500e+01 2.200e+01 2.100e+01 1.800e+01
 1.700e+01 1.500e+01 1.400e+01 1.300e+01 1.200e+01 1.000e+01 8.000e+00
 6.000e+00 5.000e+00 4.000e+00 3.000e+00 2.000e+00 1.000e+00]"
88,5894,"[0.         2.         2.23606801 2.82842708 3.         3.1622777
 3.46410155 3.60555124 3.7416575  4.         4.12310553 4.2426405
 4.47213602 4.5825758  4.69041586 4.89897966 5.         5.09901953
 5.38516474 5.47722578 5.65685415 5.74456263 5.83095169 6.
 6.3245554  6.40312433 6.63324976 6.70820379 7.28010988 7.48331499
 7.54983425 8.24621105 8.30662346]","[2.304e+03 1.357e+03 6.020e+02 3.230e+02 2.340e+02 2.110e+02 1.770e+02
 1.120e+02 1.070e+02 1.060e+02 8.100e+01 7.400e+01 5.800e+01 5.500e+01
 5.100e+01 4.700e+01 4.400e+01 4.200e+01 2.900e+01 2.700e+01 2.600e+01
 2.300e+01 2.000e+01 1.600e+01 1.400e+01 1.100e+01 1.000e+01 9.000e+00
 8.000e+00 5.000e+00 4.000e+00 2.000e+00 1.000e+00]"
89,2478,"[ 0.          2.          2.23606801  2.82842708  3.          3.1622777
  3.46410155  3.60555124  3.7416575   4.          4.12310553  4.2426405
  4.35889912  4.47213602  4.5825758   4.69041586  4.89897966  5.
  5.09901953  5.38516474  5.47722578  5.65685415  5.74456263  5.83095169
  6.          6.08276272  6.16441393  6.3245554   6.40312433  6.48074055
  6.63324976  6.70820379  6.78233004  7.          7.07106781  7.21110249
  7.28010988  7.34846926  7.54983425  7.6157732   7.81024981  8.06225777
  8.24621105  8.30662346  8.48528099  8.54400349  8.71779823  8.77496433
  8.83176041  9.1651516   9.21954441  9.2736187   9.69536018 10.19803905
 10.39230442]","[2.304e+03 1.892e+03 1.397e+03 1.037e+03 9.280e+02 8.810e+02 7.930e+02
 6.100e+02 5.900e+02 5.640e+02 4.550e+02 4.300e+02 4.290e+02 2.790e+02
 2.560e+02 2.470e+02 2.090e+02 1.830e+02 1.740e+02 1.440e+02 1.400e+02
 1.310e+02 1.180e+02 1.070e+02 9.600e+01 9.300e+01 8.500e+01 6.800e+01
 5.800e+01 5.500e+01 5.200e+01 4.600e+01 4.500e+01 4.300e+01 3.700e+01
 3.600e+01 2.800e+01 2.400e+01 2.200e+01 2.100e+01 2.000e+01 1.900e+01
 1.800e+01 1.600e+01 1.500e+01 1.400e+01 1.300e+01 1.100e+01 1.000e+01
 8.000e+00 5.000e+00 4.000e+00 3.000e+00 2.000e+00 1.000e+00]"
90,8613,"[ 0.          2.          2.23606801  2.82842708  3.          3.1622777
  3.46410155  3.60555124  3.7416575   4.          4.12310553  4.2426405
  4.35889912  4.47213602  4.5825758   4.69041586  4.89897966  5.
  5.09901953  5.19615221  5.38516474  5.47722578  5.65685415  5.74456263
  5.83095169  5.91608     6.          6.08276272  6.16441393  6.3245554
  6.40312433  6.63324976  6.70820379  7.          7.07106781  7.21110249
  7.28010988  7.48331499  7.81024981  7.8740077   8.06225777  8.24621105
  8.30662346  8.36660004  8.60232544  9.11043358  9.1651516   9.21954441
  9.48683262  9.64365101 10.04987526 10.39230442 10.48808861 10.81665421
 11.04536057 11.18033981 12.88409901 17.11724281]","[2.304e+03 1.775e+03 1.279e+03 9.160e+02 8.000e+02 7.630e+02 6.930e+02
 5.320e+02 5.150e+02 5.060e+02 4.380e+02 4.220e+02 4.210e+02 3.370e+02
 3.100e+02 2.990e+02 2.410e+02 2.250e+02 2.230e+02 2.210e+02 1.580e+02
 1.530e+02 1.500e+02 1.330e+02 1.240e+02 1.230e+02 1.130e+02 1.110e+02
 1.070e+02 9.300e+01 8.600e+01 7.900e+01 6.500e+01 6.000e+01 5.500e+01
 5.100e+01 3.600e+01 2.900e+01 2.600e+01 2.500e+01 2.400e+01 2.200e+01
 2.000e+01 1.900e+01 1.800e+01 1.700e+01 1.600e+01 1.400e+01 1.300e+01
 1.200e+01 1.100e+01 9.000e+00 8.000e+00 6.000e+00 5.000e+00 3.000e+00
 2.000e+00 1.000e+00]"
91,4941,"[ 0.          2.          2.23606801  2.82842708  3.          3.1622777
  3.46410155  3.60555124  3.7416575   4.          4.12310553  4.2426405
  4.35889912  4.47213602  4.5825758   4.69041586  4.89897966  5.
  5.09901953  5.38516474  5.47722578  5.65685415  5.74456263  5.83095169
  5.91608     6.          6.08276272  6.16441393  6.3245554   6.40312433
  6.48074055  6.63324976  6.70820379  6.92820311  7.          7.07106781
  7.21110249  7.28010988  7.34846926  7.48331499  8.1240387   8.24621105
  8.30662346  8.54400349  9.          9.1651516   9.43398094  9.89949512
 11.18033981 11.3578167  12.32882786 15.03329659 15.81138802 22.44994354]","[2.304e+03 1.881e+03 1.369e+03 9.570e+02 8.440e+02 7.980e+02 7.220e+02
 5.610e+02 5.480e+02 5.400e+02 4.410e+02 4.170e+02 4.160e+02 3.190e+02
 2.890e+02 2.770e+02 2.240e+02 2.090e+02 2.030e+02 1.480e+02 1.360e+02
 1.300e+02 1.150e+02 1.110e+02 1.100e+02 9.500e+01 9.400e+01 8.700e+01
 6.500e+01 5.400e+01 5.200e+01 4.600e+01 3.500e+01 3.200e+01 3.000e+01
 2.900e+01 2.700e+01 2.300e+01 2.100e+01 1.500e+01 1.400e+01 1.300e+01
 1.200e+01 1.100e+01 1.000e+01 9.000e+00 8.000e+00 7.000e+00 6.000e+00
 5.000e+00 4.000e+00 3.000e+00 2.000e+00 1.000e+00]"
92,16858,"[ 0.          2.          2.23606801  2.82842708  3.          3.1622777
  3.46410155  3.60555124  3.7416575   4.          4.12310553  4.2426405
  4.47213602  4.5825758   4.69041586  4.89897966  5.          5.09901953
  5.38516474  5.47722578  5.65685415  5.74456263  5.83095169  6.
  6.16441393  6.3245554   6.40312433  6.55743837  6.63324976  6.70820379
  6.92820311  7.          7.28010988  7.48331499  7.6157732   7.81024981
  7.8740077   8.24621105  8.36660004  8.48528099  8.54400349  8.77496433
  8.83176041  8.94427204  9.21954441  9.64365101 10.39230442 11.3578167
 11.53256226 11.87434196 12.16552544]","[2.304e+03 1.568e+03 1.009e+03 6.810e+02 5.680e+02 5.220e+02 4.560e+02
 3.360e+02 3.300e+02 3.260e+02 2.680e+02 2.550e+02 1.980e+02 1.860e+02
 1.830e+02 1.670e+02 1.570e+02 1.550e+02 1.040e+02 1.010e+02 9.700e+01
 8.300e+01 7.900e+01 7.000e+01 6.700e+01 5.500e+01 5.000e+01 4.800e+01
 4.200e+01 3.500e+01 3.400e+01 3.000e+01 2.700e+01 2.300e+01 2.200e+01
 2.100e+01 2.000e+01 1.600e+01 1.500e+01 1.400e+01 1.300e+01 1.100e+01
 1.000e+01 8.000e+00 7.000e+00 6.000e+00 5.000e+00 4.000e+00 3.000e+00
 2.000e+00 1.000e+00]"
93,4048,"[ 0.          2.          2.23606801  2.82842708  3.          3.1622777
  3.46410155  3.60555124  3.7416575   4.          4.12310553  4.2426405
  4.47213602  4.5825758   4.69041586  4.89897966  5.          5.09901953
  5.38516474  5.47722578  5.65685415  5.74456263  5.83095169  5.91608
  6.          6.08276272  6.16441393  6.3245554   6.40312433  6.48074055
  6.63324976  6.70820379  7.          7.07106781  7.21110249  7.28010988
  7.54983425  8.24621105  8.77496433 10.19803905]","[2.304e+03 1.461e+03 7.760e+02 4.930e+02 3.910e+02 3.550e+02 3.080e+02
 2.240e+02 2.160e+02 2.100e+02 1.750e+02 1.680e+02 1.320e+02 1.270e+02
 1.190e+02 1.110e+02 1.050e+02 1.040e+02 7.400e+01 7.100e+01 6.900e+01
 6.700e+01 6.100e+01 6.000e+01 5.100e+01 5.000e+01 4.700e+01 3.100e+01
 2.100e+01 2.000e+01 1.900e+01 1.400e+01 1.300e+01 1.100e+01 1.000e+01
 7.000e+00 5.000e+00 3.000e+00 2.000e+00 1.000e+00]"
94,20781,"[ 0.          2.          2.23606801  2.82842708  3.          3.1622777
  3.46410155  3.60555124  3.7416575   4.          4.12310553  4.2426405
  4.47213602  4.5825758   4.69041586  4.89897966  5.          5.09901953
  5.38516474  5.65685415  5.74456263  5.91608     6.          6.08276272
  6.16441393  6.3245554   6.40312433  6.55743837  6.63324976  6.70820379
  7.          7.28010988  7.54983425  7.8740077   8.24621105  8.30662346
  8.48528099  8.60232544  8.77496433  9.1651516   9.21954441 11.18033981
 15.29705811]","[2.304e+03 1.697e+03 1.051e+03 6.530e+02 5.240e+02 4.820e+02 4.170e+02
 2.750e+02 2.580e+02 2.490e+02 1.990e+02 1.840e+02 1.410e+02 1.310e+02
 1.210e+02 1.010e+02 9.200e+01 8.700e+01 6.400e+01 5.900e+01 5.300e+01
 5.200e+01 4.400e+01 4.100e+01 3.800e+01 3.100e+01 2.600e+01 2.500e+01
 2.200e+01 2.000e+01 1.900e+01 1.700e+01 1.600e+01 1.500e+01 1.200e+01
 9.000e+00 7.000e+00 6.000e+00 5.000e+00 4.000e+00 3.000e+00 2.000e+00
 1.000e+00]"
95,16785,"[ 0.          2.          2.23606801  2.82842708  3.          3.1622777
  3.46410155  3.60555124  3.7416575   4.          4.12310553  4.2426405
  4.35889912  4.47213602  4.5825758   4.69041586  4.89897966  5.
  5.09901953  5.38516474  5.47722578  5.65685415  5.74456263  5.83095169
  5.91608     6.          6.08276272  6.16441393  6.3245554   6.40312433
  6.48074055  6.63324976  6.70820379  6.78233004  7.          7.07106781
  7.21110249  7.28010988  7.34846926  7.48331499  7.54983425  7.81024981
  7.8740077   8.06225777  8.30662346  8.77496433  9.05538559  9.21954441
  9.69536018 11.18033981 11.40175438 17.72004509]","[2.304e+03 1.810e+03 1.191e+03 7.910e+02 6.630e+02 6.020e+02 5.310e+02
 4.120e+02 3.990e+02 3.870e+02 3.330e+02 3.200e+02 3.190e+02 2.390e+02
 2.150e+02 2.040e+02 1.830e+02 1.660e+02 1.610e+02 1.250e+02 1.220e+02
 1.110e+02 9.700e+01 9.100e+01 9.000e+01 8.200e+01 7.900e+01 7.200e+01
 5.100e+01 4.900e+01 4.800e+01 4.300e+01 4.000e+01 3.900e+01 3.600e+01
 3.400e+01 3.100e+01 2.300e+01 2.200e+01 2.100e+01 1.800e+01 1.500e+01
 1.400e+01 1.200e+01 8.000e+00 7.000e+00 6.000e+00 5.000e+00 4.000e+00
 3.000e+00 2.000e+00 1.000e+00]"
96,22361,"[ 0.          2.          2.23606801  2.82842708  3.          3.1622777
  3.46410155  3.60555124  3.7416575   4.          4.12310553  4.2426405
  4.35889912  4.47213602  4.5825758   4.69041586  4.89897966  5.
  5.09901953  5.38516474  5.47722578  5.65685415  5.74456263  5.83095169
  5.91608     6.          6.08276272  6.16441393  6.3245554   6.40312433
  6.48074055  6.55743837  6.63324976  6.70820379  6.78233004  6.92820311
  7.          7.07106781  7.21110249  7.28010988  7.34846926  7.48331499
  7.54983425  7.81024981  7.8740077   8.          8.06225777  8.24621105
  8.30662346  8.54400349  8.60232544  8.71779823  8.83176041  9.1651516
  9.21954441  9.43398094  9.48683262  9.64365101 10.19803905 10.39230442
 10.44030666 10.48808861 11.18033981 11.70469952 12.16552544 12.36931705
 12.96148109 15.26433754 15.52417469]","[2.304e+03 1.731e+03 1.248e+03 9.110e+02 8.110e+02 7.800e+02 7.080e+02
 5.500e+02 5.320e+02 5.160e+02 4.300e+02 4.160e+02 4.140e+02 3.220e+02
 3.010e+02 2.870e+02 2.480e+02 2.320e+02 2.300e+02 1.820e+02 1.770e+02
 1.720e+02 1.600e+02 1.540e+02 1.530e+02 1.390e+02 1.330e+02 1.290e+02
 1.100e+02 1.040e+02 1.030e+02 1.020e+02 9.900e+01 8.700e+01 8.600e+01
 8.500e+01 8.200e+01 8.100e+01 7.100e+01 6.100e+01 5.800e+01 4.900e+01
 4.500e+01 4.200e+01 4.100e+01 3.900e+01 3.400e+01 3.200e+01 2.600e+01
 2.500e+01 2.400e+01 2.300e+01 2.200e+01 2.100e+01 1.700e+01 1.500e+01
 1.400e+01 1.300e+01 1.200e+01 1.000e+01 9.000e+00 8.000e+00 7.000e+00
 6.000e+00 5.000e+00 4.000e+00 3.000e+00 2.000e+00 1.000e+00]"
97,15655,"[0.         2.         2.23606801 2.82842708 3.         3.1622777
 3.46410155 3.60555124 3.7416575  4.         4.12310553 4.2426405
 4.47213602 4.5825758  4.69041586 4.89897966 5.         5.38516474
 5.47722578 5.74456263 5.83095169 6.         6.16441393 6.3245554
 8.06225777]","[2.304e+03 8.800e+02 3.750e+02 2.160e+02 1.370e+02 1.260e+02 9.600e+01
 5.500e+01 5.200e+01 5.000e+01 4.100e+01 3.900e+01 3.100e+01 2.800e+01
 2.600e+01 1.900e+01 1.500e+01 8.000e+00 7.000e+00 6.000e+00 5.000e+00
 4.000e+00 3.000e+00 2.000e+00 1.000e+00]"
98,18856,"[ 0.          2.          2.23606801  2.82842708  3.          3.1622777
  3.46410155  3.60555124  3.7416575   4.          4.12310553  4.2426405
  4.47213602  4.5825758   4.69041586  4.89897966  5.          5.09901953
  5.38516474  5.47722578  5.65685415  5.74456263  5.83095169  6.
  6.16441393  6.3245554   6.40312433  6.55743837  6.63324976  6.70820379
  6.92820311  7.          7.07106781  7.21110249  7.28010988  7.34846926
  7.48331499  7.54983425  7.81024981  7.8740077   8.06225777  8.24621105
  8.30662346  8.36660004  8.48528099  8.54400349  8.60232544  8.77496433
  8.83176041  8.94427204  9.1651516   9.21954441  9.2736187   9.43398094
  9.48683262  9.69536018  9.89949512 10.04987526 10.19803905 11.3578167
 12.20655537]","[2.304e+03 1.514e+03 1.072e+03 7.910e+02 6.420e+02 6.060e+02 5.300e+02
 4.250e+02 4.150e+02 4.100e+02 3.360e+02 3.190e+02 2.510e+02 2.290e+02
 2.200e+02 1.930e+02 1.790e+02 1.740e+02 1.320e+02 1.290e+02 1.210e+02
 1.090e+02 1.040e+02 9.800e+01 9.400e+01 8.500e+01 7.800e+01 7.700e+01
 7.100e+01 6.000e+01 5.900e+01 5.700e+01 5.400e+01 5.100e+01 4.600e+01
 4.300e+01 3.900e+01 3.800e+01 3.700e+01 3.500e+01 3.200e+01 2.800e+01
 2.600e+01 2.500e+01 2.300e+01 2.200e+01 2.100e+01 1.900e+01 1.800e+01
 1.700e+01 1.600e+01 1.500e+01 1.400e+01 1.000e+01 8.000e+00 7.000e+00
 6.000e+00 5.000e+00 4.000e+00 2.000e+00 1.000e+00]"
99,23430,"[ 0.          2.          2.23606801  2.82842708  3.          3.1622777
  3.46410155  3.60555124  3.7416575   4.          4.12310553  4.2426405
  4.35889912  4.47213602  4.5825758   4.69041586  4.89897966  5.
  5.09901953  5.38516474  5.65685415  5.74456263  5.83095169  6.
  6.08276272  6.16441393  6.3245554   6.40312433  6.55743837  6.63324976
  6.70820379  6.92820311  7.07106781  7.28010988  7.48331499  7.8740077
  9.43398094  9.48683262 11.87434196 12.12435532 13.15294647 14.28285694]","[2.304e+03 1.886e+03 1.310e+03 8.500e+02 6.820e+02 6.280e+02 5.310e+02
 3.730e+02 3.570e+02 3.550e+02 2.620e+02 2.530e+02 2.520e+02 1.800e+02
 1.670e+02 1.540e+02 1.090e+02 1.030e+02 9.900e+01 6.700e+01 6.500e+01
 5.400e+01 4.700e+01 4.100e+01 4.000e+01 3.500e+01 2.800e+01 2.100e+01
 2.000e+01 1.900e+01 1.500e+01 1.400e+01 1.200e+01 9.000e+00 8.000e+00
 7.000e+00 6.000e+00 5.000e+00 4.000e+00 3.000e+00 2.000e+00 1.000e+00]"
